id,domain,status,purchase_price,renewal_price,attractiveness,demand,length,registrar,created_at,expires_at,status_verified_at
4c9532a7-75a6-4521-836b-a359ca47edef,reflexes.download,available,5.25,6.25,medium,low,8,namesilo,,,19/09/2026 23:46
8adab54d-8158-4fbc-a226-9f1286563354,pestilent.download,available,5.25,6.25,medium,low,9,namesilo,,,08/08/2026 12:06
4a8458e0-e83f-4edc-8fd8-7c61fd9bb9b4,austenite.download,available,5.25,6.25,medium,low,9,namesilo,,,21/09/2026 04:39
e404731e-17b7-4add-a25c-892d130edd53,planned.download,available,5.25,6.25,high,low,7,namesilo,,,21/09/2026 22:06
0de43d73-86b0-48f2-8c37-b610ff402f7a,ccc.download,premium,625,81.25,high,medium,3,name.com,,,
b240ec8b-ea29-4856-9003-e7643099dcda,cares.download,premium,455,65,medium,low,5,namecheap,,,27/09/2026 02:10
5b696b83-5923-4cc9-9a70-926464443208,clxx.download,available,5.25,6.25,medium,low,4,namesilo,,,
676f2489-2c68-41d4-b942-dd64c4f93925,expendable.download,available,5.98,9.98,high,low,10,namecheap,,,17/08/2026 18:08
8b73ebb5-57ed-4a46-8c97-721b7de4fcc8,returning.download,premium,448,53.92,high,low,9,namesilo,,,27/09/2026 13:35
be23d102-8173-421d-aafe-46d27063c2d0,cats.download,premium,640,77.35,high,low,4,namesilo,,,17/09/2026 10:29
4373f09f-b27a-4b14-af26-9197504c6a36,neuromotor.download,available,5.25,6.25,medium,low,10,namesilo,,,03/09/2026 16:18
48a13e7b-cedb-47ad-bdae-54ebea66cc4e,everywhere.download,premium,116,29.5,high,low,10,namesilo,,,28/09/2026 14:50
353b1b8d-3294-48fa-a561-47b935d494c6,steer.download,premium,109.69,27.82,high,low,5,porkbun,,,29/09/2026 10:54
f8912b6c-5aba-4281-a38c-71f8519f118e,aliquot.download,available,5.25,6.25,high,low,7,namesilo,,,
9dcef809-90ab-4a76-babc-3cf4bb605dc5,kin.download,premium,625,81.25,high,low,3,name.com,,,22/08/2026 16:00
f58b4144-aa5f-4e9a-a21f-3d9e4d4650ef,painless.download,premium,448,53.92,high,low,8,namesilo,,,04/09/2026 23:04
af124bd1-3836-4d44-831d-e3f3ee003b04,sink.download,premium,437.5,,high,low,4,name.com,,,29/09/2026 07:50
cf569d12-cab9-47fe-abe8-043b29e33b15,comedians.download,available,5.98,9.98,medium,low,9,namecheap,,,19/09/2026 23:33
4cce8f89-c2b0-4451-a8a3-4e3592453dbc,fenestral.download,available,5.25,6.25,medium,low,9,namesilo,,,18/08/2026 01:09
0e09d760-96ef-4c80-9a00-e398ac57aeca,clapper.download,premium,437.5,62.5,medium,low,7,name.com,,,19/09/2026 20:51
7bd6d0fb-0610-41a9-801c-a4d0db46f665,dismissed.download,available,5.98,9.98,medium,low,9,namecheap,,,24/09/2026 11:01
a8ce2cad-5181-4246-80f5-6e5f7f768573,adore.download,premium,448,53.92,high,low,5,namesilo,,,29/09/2026 08:22
331b8488-e288-4e03-afb4-3902d1da40ec,superfund.download,premium,448,53.92,high,low,9,namesilo,,,29/09/2026 08:11
fe0fa5aa-5156-4a07-b52a-bf9ae11db2c9,balanitis.download,available,5.98,9.98,medium,low,9,namecheap,,,21/09/2026 21:01
af225994-6acd-426f-a2c2-3ab34431a8fd,secrets.download,premium,455,65,medium,low,7,namecheap,,,25/09/2026 19:59
d248a47a-66b9-42dd-8025-b613755685d2,resilient.download,premium,437.5,62.5,high,low,9,name.com,,,10/08/2026 21:47
4dd5dbf3-0e81-4c6d-b5d6-a18e826eed3f,gauche.download,available,5.25,6.25,medium,low,6,namesilo,,,18/08/2026 20:41
b7cf5fcb-be8a-4cd0-9d93-8d68fd16f495,allylic.download,available,5.25,6.25,medium,low,7,namesilo,,,
04e0022c-4277-445d-8fcc-b3233483e4a0,undivided.download,available,5.25,6.25,high,low,9,namesilo,,,12/09/2026 08:11
f41d17b9-e628-482d-af1d-d82127392ac9,porous.download,available,5.25,6.25,medium,low,6,namesilo,,,21/08/2026 10:25
c04d8d50-87c6-4945-87c8-b5cf4924a584,overactive.download,available,5.25,6.25,medium,low,10,namesilo,,,21/08/2026 16:42
686d97c4-8c15-48e9-af79-3919383464f8,inherit.download,available,4.32,5.35,high,low,7,spaceship,,,28/09/2026 20:51
919bbcf2-4b7a-469b-ae1e-635b4fafdc2a,prostitutes.download,available,4.48,5.55,low,low,11,dynadot,,,28/09/2026 23:58
3a2c732c-3cd3-4a7a-9394-8d62f830a79f,summons.download,available,4.32,5.35,high,low,7,spaceship,,,29/09/2026 08:10
dd5fefb7-418b-4ab7-8ffd-2a7654323746,improved.download,available,5.25,6.25,high,low,8,namesilo,,,21/08/2026 23:15
bfc35bae-9667-4ed2-837e-027b1d207d0b,timorese.download,available,5.25,6.25,medium,low,8,namesilo,,,11/09/2026 16:04
992beb77-2973-481e-b819-f25e017c6b4f,neighbours.download,premium,455,65,medium,low,10,namecheap,,,18/09/2026 07:42
0fb9e848-2b33-46d8-9729-972f7d376131,humphrey.download,premium,448,53.92,high,low,8,namesilo,,,25/09/2026 14:49
6b32662b-1531-493b-8908-09d94516e1fd,willingly.download,available,5.25,6.25,high,low,9,namesilo,,,16/09/2026 11:08
d6480270-4a65-4007-97ce-2f56d1f4d572,fraction.download,premium,448,53.92,high,low,8,namesilo,,,29/09/2026 07:00
73057a6f-0964-4589-bf44-12a3cd630fdc,dante.download,premium,448,53.92,high,low,5,namesilo,,,28/09/2026 05:29
fe0d762e-2aeb-4e3c-a0b9-3de9dc07aeeb,extension.download,premium,1035.2,103.7,high,low,9,spaceship,,,28/09/2026 21:27
cedd0a7a-5129-43c7-8cd9-9246ebd15b2e,homey.download,premium,437.5,62.5,high,low,5,name.com,,,21/08/2026 11:06
bd06d484-72f0-4f1f-8ce3-20cb72865b28,sichuan.download,available,4.32,5.35,medium,low,7,spaceship,,,28/09/2026 15:21
fccf84cc-475c-4877-941e-253662988eeb,cruciate.download,available,5.25,6.25,medium,low,8,namesilo,,,13/08/2026 08:40
e1c579b6-ef20-4110-a91c-e33593207fbb,ossiculate.download,available,5.98,9.98,medium,low,10,namecheap,,,04/09/2026 18:24
fbab1afc-1e54-48a2-9c80-5839b5f79dff,phage.download,available,5.25,6.25,medium,low,5,namesilo,,,21/09/2026 16:31
9aa19382-5de2-4b02-b112-4d4ea3242b76,baden.download,premium,448,53.92,medium,low,5,namesilo,,,25/09/2026 13:59
897a7ed2-0793-44ba-bb69-ab1643ff2010,unskilled.download,available,5.25,6.25,medium,low,9,namesilo,,,
6f7cf7c2-cf8f-4afc-8cd6-87bd67fbdf88,devious.download,premium,437.5,62.5,medium,low,7,name.com,,,14/08/2026 05:10
c1e6add3-418d-437a-b73e-941ab02a9ff7,suicide.download,premium,130,32.5,high,low,7,namecheap,,,25/09/2026 05:57
9b960f2c-fed8-4d44-8d2b-6cc15b3c6447,blackburn.download,premium,448,53.92,high,low,9,namesilo,,,24/09/2026 02:11
1f00778d-c5ad-41c3-9c1f-49f4d7471a0b,tramontana.download,premium,455,65,medium,low,10,namecheap,,,11/09/2026 18:50
1fb04146-00e4-4373-b1d2-47637397a5ec,harm.download,premium,437.5,62.5,high,low,4,name.com,,,08/09/2026 07:44
48ba666d-c4e8-44e0-acee-ca568549f25b,grayson.download,premium,455,65,high,low,7,namecheap,,,28/09/2026 00:47
cf982097-e555-497c-9e5b-5367884bc9f6,leia.download,premium,437.5,,high,low,4,name.com,,,
c9b6ec3b-64f6-4d0a-93a3-aa56e41533b0,separately.download,available,5.25,6.25,medium,low,10,namesilo,,,15/09/2026 08:00
d16a7481-9020-4ca7-b687-4591c78c72ef,continent.download,premium,437.5,62.5,high,low,9,name.com,,,11/08/2026 23:26
70bb0410-ba22-471a-98f1-da9faf9d8c9d,typed.download,available,5.25,6.25,high,low,5,namesilo,,,17/09/2026 22:44
bddf1e65-4ef0-4f6f-bb98-99e5cebbdce5,sheriff.download,premium,,,high,low,7,,,,27/09/2026 15:50
f38cd905-20a7-403e-8bd4-c578b0caf07f,antonym.download,premium,448,53.92,high,low,7,namesilo,,,04/09/2026 16:48
388b6bf7-b23d-46b0-a097-70a91122c346,malefic.download,available,5.25,6.25,medium,low,7,namesilo,,,24/08/2026 13:50
58219484-787e-407e-952f-1676ee56ff47,sugar.download,premium,362.45,51.95,high,low,5,spaceship,,,29/09/2026 08:02
c59bc85f-576f-420d-aeae-fe5cbbaf7598,angered.download,available,5.25,6.25,medium,low,7,namesilo,,,
4d9e98ce-fe0c-47bc-95a5-d65cced1e6d2,tenner.download,available,34.99,37.99,medium,low,6,name.com,,,21/09/2026 10:53
675b3435-b715-4760-a1ae-4c24c6d5057b,arikara.download,available,5.98,9.98,medium,low,7,namecheap,,,20/09/2026 05:16
a56f473b-c5c4-44ab-95ee-5c3c8bc7c5c5,mcdonald.download,available,5.25,6.25,high,low,8,namesilo,,,
71760cf0-6101-4b8b-a21f-31ffcfb233e4,iliac.download,available,5.25,6.25,medium,low,5,namesilo,,,21/08/2026 18:45
b92624dd-4353-4c90-bab3-5b44339ff219,worms.download,premium,1300,130,high,low,5,namecheap,,,28/09/2026 03:50
2c59c2f8-6c03-48c7-a669-6047b3e8cdab,hangnail.download,available,5.98,9.98,medium,low,8,namecheap,,,17/09/2026 18:26
e9f87b75-46fb-48f3-9b49-c17cb760f2ac,mubarak.download,available,5.25,6.25,medium,low,7,namesilo,,,29/09/2026 13:04
dbd67da6-089e-4ce9-aebe-9210b7bbe280,mev.download,premium,517.7,67.48,high,low,3,spaceship,,,29/09/2026 10:55
23d6eff4-535f-453b-9774-b424ea3cf2d3,mari.download,premium,640,77.35,high,low,4,namesilo,,,28/09/2026 01:39
a583334a-f9c7-48ec-be7c-271501f9fc22,psychology.download,premium,437.5,,high,low,10,name.com,,,
c8114c1c-d8f8-4ddd-9966-17171914fc3b,acores.download,premium,448,53.92,medium,low,6,namesilo,,,17/09/2026 02:16
8a2fac2d-b74e-43ed-942d-19f7a76fc4bf,strauss.download,premium,362.45,51.95,high,low,7,spaceship,,,29/09/2026 13:12
4db04cf1-c1a7-4ce4-9f93-e0cb45aeeaca,qatari.download,available,5.25,6.25,high,low,6,namesilo,,,22/08/2026 15:09
dc644247-5d00-44ba-a543-e72b240c4b55,beck.download,premium,455,65,high,low,4,namecheap,,,22/09/2026 22:35
22e41b39-41de-4ee0-9809-538741f150af,exothermal.download,available,5.98,9.98,medium,low,10,namecheap,,,17/08/2026 17:47
34105fcd-211c-475a-bbc8-446ff3316163,autosexing.download,available,5.25,6.25,medium,low,10,namesilo,,,21/09/2026 07:42
d905e89f-95db-4ced-b10b-d259bee2ca9c,ambition.download,premium,448,53.92,high,low,8,namesilo,,,18/09/2026 16:53
f2817a04-9b86-4ee5-af81-ca7f9e3db5a8,funding.download,available,4.32,5.35,high,low,7,spaceship,,,28/09/2026 14:11
827e08c1-5f04-40fc-ad3c-cd2a3317f19b,cloudburst.download,premium,448,53.92,high,low,10,namesilo,,,24/09/2026 16:03
98963768-d2d1-4459-a5c9-749001f730ca,noah.download,premium,6900,116,high,medium,4,namesilo,,,27/09/2026 04:52
9a196b51-bb8b-4ab5-b53d-004113fb0279,armand.download,premium,,,high,low,6,,,,28/09/2026 07:26
7af1ae28-fbd8-46ce-9687-c663d2f46bcf,litchfield.download,premium,362.45,51.95,medium,low,10,spaceship,,,28/09/2026 21:40
96948fdf-ce8d-48f7-9cb2-4d87b080842b,harlem.download,premium,362.45,51.95,high,low,6,spaceship,,,28/09/2026 10:00
4c4ad7bb-ff96-4256-97a4-5be0c2e8570e,objector.download,available,5.25,6.25,medium,low,8,namesilo,,,14/08/2026 12:43
b9e5bfc4-75e1-4e87-8bfe-068cda1019c1,pba.download,premium,640,77.35,high,low,3,namesilo,,,29/09/2026 14:26
01b239dd-62b7-4ad0-bc98-131ce9fb3b9a,contextual.download,premium,437.5,62.5,high,low,10,name.com,,,12/08/2026 23:13
7e67d13d-437b-4349-800c-8260c9fd5777,birthrate.download,available,5.98,9.98,high,low,9,namecheap,,,23/09/2026 20:56
097953ea-728a-4d73-ba13-a7a8551acace,ren.download,premium,550,71.5,high,low,3,dynadot,,,29/09/2026 02:51
e05f9e15-038a-428e-bd62-ef16b8531daf,lxx.download,premium,625,81.25,medium,low,3,name.com,,,
a490a7cb-b557-449e-8a33-3af428d451ea,notable.download,premium,110,27.5,high,medium,7,dynadot,,,28/09/2026 05:55
5bf7c7f0-6d65-450e-a474-a5e2dd047c4d,cob.download,premium,640,77.35,high,low,3,namesilo,,,23/09/2026 23:42
4e1bc4ed-66d9-42de-b505-0db688ef82cd,extensive.download,premium,437.5,62.5,medium,low,9,name.com,,,
dabd47fd-4f80-4ecc-a42b-88de39287267,ass.download,premium,6250,125,high,low,3,name.com,,,09/08/2026 12:05
d77b4c4d-c093-4755-90ce-f150ca5ea04a,nurse.download,premium,625,,high,low,5,name.com,,,29/09/2026 22:12
fd26181f-2b66-4660-aa7b-2ae5aa4fea27,retractile.download,available,5.25,6.25,medium,low,10,namesilo,,,09/09/2026 15:42
8436b32e-6799-48af-8a4f-e4577b1b1e86,followed.download,available,5.25,6.25,medium,low,8,namesilo,,,25/09/2026 17:12
4c73540c-9c71-4797-a733-fa5cc02993b9,marriage.download,premium,437.5,,high,low,8,name.com,,,
d22d2d88-4ce0-47a5-a46f-28e0cb298fff,tropically.download,available,5.25,6.25,medium,low,10,namesilo,,,16/09/2026 09:33
bf2c3eea-2451-4d30-9b77-0ca08a9dd1cf,cubical.download,available,5.25,6.25,medium,low,7,namesilo,,,13/08/2026 09:51
608dd9e5-0e02-49fa-9a9d-b8b928167e20,evansville.download,available,7.99,39.99,medium,low,10,godaddy,,,28/09/2026 01:52
c8867218-235b-478e-bc7e-22331a9d702d,islets.download,available,4.18,5.18,medium,low,6,cloudflare,,,29/09/2026 00:10
ff08eb57-743a-47b9-b685-438706daa5fa,bringing.download,available,5.98,9.98,high,low,8,namecheap,,,29/09/2026 04:22
9f083b19-a41c-4ef0-95a6-57e659303493,fours.download,available,5.25,6.25,high,low,5,namesilo,,,20/09/2026 08:08
3968cf9a-8cc2-4bd1-b45e-2053d94e3295,andrey.download,available,4.18,5.18,high,low,6,cloudflare,,,29/09/2026 15:52
52243eeb-cbb5-4092-9b07-abc13d83ce4f,ranch.download,premium,455,65,high,low,5,namecheap,,,25/09/2026 22:09
0471fd80-ef1c-4a5b-a8ca-135d8010e925,orientated.download,available,5.98,9.98,high,low,10,namecheap,,,04/09/2026 17:54
acaeae7d-15ca-4c51-b5cf-fc291eec960b,woodward.download,premium,362.45,51.95,high,low,8,spaceship,,,29/09/2026 06:07
2a96601f-3c25-4c33-ae69-7c41dc5d5203,innermost.download,premium,437.5,62.5,medium,low,9,name.com,,,22/08/2026 05:53
ea47590d-b90b-4141-b491-d5bdbe789ada,nichols.download,premium,448,53.92,high,low,7,namesilo,,,25/09/2026 17:20
cfcc016a-5212-4700-80a1-41ae747478cb,cameras.download,available,5.98,9.98,high,low,7,namecheap,,,25/09/2026 20:54
103f63ca-4682-4ba7-931d-7efffd6d00fe,nicaean.download,available,5.25,6.25,medium,low,7,namesilo,,,03/09/2026 16:59
ed976065-c924-4db7-a7f9-6f1649af6666,faithful.download,premium,455,65,high,low,8,namecheap,,,24/09/2026 16:23
6fd5aec0-e201-4553-8d1e-1bcd642acfd5,apologise.download,available,5.25,6.25,high,low,9,namesilo,,,
52e6ad86-e177-4416-96d9-4177791ccf9e,studious.download,available,5.98,9.98,high,low,8,namecheap,,,10/08/2026 19:10
fc30cfef-1968-4ad3-8e53-92870f19f277,pasted.download,available,5.25,6.25,high,low,6,namesilo,,,20/08/2026 15:14
3a0792a4-eff6-48b2-b406-b094a701bf2d,skirt.download,premium,448,53.92,high,low,5,namesilo,,,29/09/2026 03:43
a1a0c1bc-c907-4aef-bba2-876ccfee23b1,ninth.download,available,5.25,6.25,high,low,5,namesilo,,,
c93b47e9-5afd-4ce4-a094-869d6041b07e,refrain.download,available,4.32,5.35,high,low,7,spaceship,,,28/09/2026 20:16
2bfc7e7d-2a52-4fb7-bbfd-42fa381ca66d,thorium.download,premium,455,65,high,low,7,namecheap,,,21/09/2026 00:04
9d4faf12-ae32-4635-a018-f3dbb82df26a,aseptic.download,available,5.25,6.25,high,low,7,namesilo,,,22/09/2026 09:33
d2094e0e-00ae-4811-a998-b8c1eaeb8339,amun.download,premium,455,65,medium,low,4,namecheap,,,18/09/2026 18:29
7e8515ed-4dcc-4250-8a0e-cebe591874b4,autonomous.download,premium,455,65,high,medium,10,namecheap,,,22/09/2026 14:12
525ba525-e8a4-46cb-a0c7-93d55f8f2155,nebulose.download,available,5.25,6.25,medium,low,8,namesilo,,,12/08/2026 12:43
baf95957-57e1-4569-a629-adba03346cb5,springbok.download,premium,448,53.92,high,low,9,namesilo,,,19/09/2026 14:19
cb6a547f-d6d9-43ee-84d2-46acb4383bf7,precocious.download,available,5.25,6.25,high,medium,10,namesilo,,,09/09/2026 01:16
3b30d623-110b-4da0-a0bd-d5927c684778,resisting.download,available,4.32,5.35,medium,low,9,spaceship,,,28/09/2026 21:16
22922f97-7ee1-46c2-8e98-841c01c31dd0,backstage.download,premium,437.5,62.5,high,low,9,name.com,,,08/08/2026 06:18
6b84613f-7e59-45ee-9acd-084bf0b7feed,longer.download,available,4.18,5.18,high,low,6,cloudflare,,,28/09/2026 16:12
18cef526-b1e1-49c0-b7be-746c87843fd6,pony.download,premium,385,55,high,low,4,dynadot,,,30/09/2026 00:53
d7b3648b-d34d-4ff6-9a59-fa1724035210,ignorance.download,available,5.98,9.98,medium,low,9,namecheap,,,28/09/2026 10:08
b36f2fce-b735-46d2-8d83-8b463e02026b,observing.download,available,5.25,6.25,high,low,9,namesilo,,,04/09/2026 00:01
325b417d-be98-4e55-8c2a-80d5b0b604cb,freakish.download,available,5.25,6.25,high,low,8,namesilo,,,10/08/2026 09:56
1718ab41-4586-48f2-b096-969ff8a64135,forrest.download,premium,448,53.92,high,low,7,namesilo,,,25/09/2026 12:36
43bb11c6-fae2-4906-9559-2d32fbd4784f,cauterize.download,available,5.25,6.25,medium,low,9,namesilo,,,11/08/2026 14:34
91693be8-0198-4b04-94ab-5c0cb8f1fe90,perforate.download,available,5.25,6.25,high,low,9,namesilo,,,08/09/2026 16:54
5ae380e2-cc9d-495e-8b9c-59ea0ed93fc7,cheater.download,premium,448,53.92,medium,low,7,namesilo,,,23/09/2026 02:30
7a877e3a-3ac4-44fd-8342-433ac3654610,rolling.download,premium,448,53.92,high,low,7,namesilo,,,19/09/2026 06:51
e3082a86-958a-4b3b-833d-89c1fc8964ca,bizet.download,available,5.98,9.98,high,low,5,namecheap,,,23/09/2026 23:23
c9b66e2b-ba4e-4f9f-86a9-cc1fd6855db6,airdock.download,premium,455,65,medium,low,7,namecheap,,,17/09/2026 23:04
22ee1c02-3885-4d13-b6d5-fb83efd5bc5c,basalt.download,premium,448,53.92,medium,low,6,namesilo,,,22/09/2026 09:53
9063b2be-b648-4a17-8662-770f81aa9ec3,markers.download,available,5.25,6.25,low,low,7,namesilo,,,29/09/2026 06:04
8703fd0c-eca6-478c-b5ad-001923d307aa,glowingly.download,available,5.25,6.25,high,low,9,namesilo,,,14/09/2026 21:48
d55a6cf8-e43a-477d-8e16-ce01958f1434,dead.download,premium,6500,130,high,low,4,namecheap,,,24/09/2026 04:40
773c2c42-73c3-4444-9a98-ab7d8bb2cdf0,birchbark.download,available,5.98,9.98,medium,low,9,namecheap,,,23/09/2026 19:23
8f2cbd37-3966-4221-83cd-4c05a33aca38,manually.download,available,5.25,6.25,medium,low,8,namesilo,,,15/09/2026 13:27
b9d16009-0e77-4246-b359-7a2d63ee53ae,antiquated.download,available,5.25,6.25,medium,low,10,namesilo,,,
59cda2ee-0611-4e42-af6b-a7ca508015e5,rarely.download,available,5.25,6.25,high,low,6,namesilo,,,15/09/2026 22:32
03e3739f-be7d-4c1d-be13-7f1b3cbb3703,carol.download,premium,448,53.92,high,low,5,namesilo,,,24/09/2026 13:02
b711a737-6e9f-44a2-a60e-d0560e7e6db7,venus.download,premium,116,29.5,high,low,5,namesilo,,,28/09/2026 14:17
e8c61812-4624-4fd4-9478-95709140a64e,toupeed.download,available,5.98,9.98,low,low,7,namecheap,,,11/09/2026 18:18
38952462-86be-47c7-9e35-982edefe11b3,holder.download,premium,385,55,high,low,6,dynadot,,,29/09/2026 22:53
3c845eab-135e-4af3-89db-316523fa2e1f,affiliated.download,premium,437.5,62.5,high,low,10,name.com,,,
7a3133a7-0165-4a08-9aa0-71bb19067e91,provisions.download,premium,448,53.92,high,low,10,namesilo,,,08/09/2026 08:15
b27858c4-80a1-4dc9-89cd-8026685faea6,adaptor.download,premium,448,53.92,high,low,7,namesilo,,,17/09/2026 06:32
2f8b6cff-7e0a-49d1-a938-af3443ec2b2d,specific.download,premium,130,32.5,high,low,8,namecheap,,,27/09/2026 02:45
33d0dbc6-4889-4f53-afad-26d451302d69,phosphorus.download,available,5.25,6.25,medium,low,10,namesilo,,,20/09/2026 22:25
d632cd79-a402-468d-8a1c-49af9be52693,ammonium.download,available,5.25,6.25,high,low,8,namesilo,,,18/09/2026 22:10
502ecc44-c5e3-4b9c-861e-afc40cadf8e3,against.download,available,5.25,6.25,medium,low,7,namesilo,,,
b0e2f601-7031-45fe-9c53-083f38a8a2ee,touchstone.download,premium,448,53.92,high,low,10,namesilo,,,10/09/2026 18:36
b5db8a55-3f6b-49a3-8b99-2969d081956b,unwrapped.download,premium,448,53.92,medium,low,9,namesilo,,,12/09/2026 22:53
3c7c520a-a06f-49eb-8824-ce4669189c00,billed.download,available,5.98,9.98,high,low,6,namecheap,,,09/08/2026 21:23
7e67c27b-673a-417d-9ba6-73c9f80d0000,sappy.download,available,5.25,6.25,medium,low,5,namesilo,,,12/08/2026 14:56
7933ccfe-070d-47da-8f89-45549ed144ad,allmouth.download,available,5.25,6.25,medium,low,8,namesilo,,,18/09/2026 11:45
9bafaeee-aeb6-4efb-a87e-8ab6ef01b184,unfeigned.download,available,5.25,6.25,medium,low,9,namesilo,,,12/09/2026 10:06
1aa33bd7-1934-4b05-99df-c8ddf56115b5,gadget.download,premium,116,29.5,high,low,6,namesilo,,,19/09/2026 21:47
a05fb7ac-8f96-4756-8210-8e4f2767dbe3,lawton.download,premium,,,high,low,6,,,,28/09/2026 02:15
ce35f4f6-a593-48c5-aa69-30be9824a1aa,mla.download,premium,640,77.35,high,low,3,namesilo,,,28/09/2026 03:26
2f0c36f7-01ea-4076-8dc6-74e539f862f3,anosmia.download,available,5.25,6.25,medium,low,7,namesilo,,,19/09/2026 11:51
028bf2aa-fac3-4092-9a80-158e434607ee,osmotic.download,available,5.98,9.98,medium,low,7,namecheap,,,04/09/2026 18:15
2406d11c-e05c-4565-be23-a6da237f8f6c,woodruff.download,premium,455,65,medium,low,8,namecheap,,,20/09/2026 15:04
f0c813c7-e228-418d-941e-2755dc9ed187,stooping.download,available,5.25,6.25,medium,low,8,namesilo,,,21/08/2026 15:34
333c9cc9-cd3f-41bb-b9f7-a05a71c50099,nonmetric.download,available,5.98,9.98,medium,low,10,namecheap,,,03/09/2026 18:30
1c0b85c1-d2a1-410c-b7b2-f7266251a2cd,bullish.download,available,5.98,9.98,high,low,7,namecheap,,,23/09/2026 10:43
71cee760-60b5-450b-9349-ec22a033a2f1,mccoy.download,premium,,,high,low,5,,,,27/09/2026 21:17
663f5cab-5509-43ee-bc4f-57ab677c524b,predatory.download,available,5.25,6.25,medium,low,9,namesilo,,,24/08/2026 15:43
d351f049-9923-4258-ae8a-71db9f41e365,infant.download,available,5.25,6.25,high,low,6,namesilo,,,29/09/2026 00:05
3c8c4a05-d184-4bfa-a22f-9c83f6e07ed8,pier.download,premium,448,53.92,high,low,4,namesilo,,,28/09/2026 06:35
0b9c5433-2e97-4e72-816f-ca612d63227c,gives.download,available,5.25,6.25,medium,low,5,namesilo,,,18/09/2026 13:54
7449d63c-c137-4a2c-96b8-b7bc1911cb74,edental.download,available,5.25,6.25,medium,low,7,namesilo,,,08/09/2026 15:42
176b478d-2f16-44f1-9228-6ff4a54818f8,trickster.download,premium,448,53.92,high,low,9,namesilo,,,23/09/2026 02:57
33227e05-a217-4683-af2d-921f9792ab9b,coplanar.download,premium,437.5,62.5,medium,low,8,name.com,,,13/08/2026 00:32
0c6e072c-ddc1-48ec-b072-e4feff845945,audacity.download,available,34.99,37.99,high,low,8,name.com,,,21/09/2026 02:47
096537cc-8816-45dd-9938-5494c9c544b3,century.download,premium,116,29.5,high,low,7,namesilo,,,
650ece4d-7840-46e7-ad2b-c9e4e18655f6,vitally.download,available,5.25,6.25,high,low,7,namesilo,,,16/09/2026 11:05
d16857e4-1730-4ab8-b973-6bbbea372f14,sears.download,premium,382.61,55.11,high,low,5,porkbun,,,29/09/2026 04:28
823bba8c-a4c9-4de8-ae66-2c12a8860fa9,blackmailing.download,available,5.25,6.25,medium,low,12,namesilo,,,
fd48de4b-1a24-4c3f-b944-8861e6abf90f,airbus.download,premium,448,53.92,high,medium,6,namesilo,,,17/09/2026 23:02
7df8aabc-6ccd-4c8b-9aac-9d475b69d48c,gita.download,premium,640,77.35,high,low,4,namesilo,,,23/09/2026 12:33
bd6ba8f8-d617-48a9-bf79-685c74d11d68,bazaar.download,premium,1300,130,high,low,6,namecheap,,,22/09/2026 18:20
feb79545-e926-4d28-b54c-99e3ce3b205b,overladen.download,available,5.98,9.98,medium,low,9,namecheap,,,04/09/2026 20:51
24295901-7740-40a7-a423-f0823841c7cc,amative.download,available,5.25,6.25,medium,low,7,namesilo,,,
06932c9f-ed8f-4580-90b8-1e4db9e28660,katari.download,premium,437.5,62.5,medium,low,6,name.com,,,22/08/2026 15:12
d951e1fd-341d-47a0-aa90-d0ba2c1f7c65,cheeses.download,available,5.25,6.25,high,low,7,namesilo,,,
b2a4e833-adac-4050-acc6-509bf26b795c,malar.download,available,5.25,6.25,medium,low,5,namesilo,,,13/09/2026 15:43
7eb1f74d-f977-4b8c-86b3-9f3fb9458487,planetarium.download,premium,437.5,,high,low,11,name.com,,,
828f7268-0911-464a-9237-27c99e56a074,fur.download,premium,640,77.35,high,low,3,namesilo,,,27/09/2026 04:05
245fdef0-f134-4681-bc3f-26b5bc66507a,laps.download,premium,,,medium,low,4,,,,29/09/2026 05:29
ebbaa493-34b6-4cfb-bb16-d6a394d306ab,aralia.download,premium,448,53.92,medium,low,6,namesilo,,,19/09/2026 23:52
cbe2b9b1-00fa-4b98-8e1b-14baf5924e50,draft.download,premium,455,65,high,low,5,namecheap,,,23/09/2026 16:03
aef20b65-e001-4994-a0ae-5005670146e5,contest.download,premium,362.45,51.95,high,low,7,spaceship,,,29/09/2026 11:25
2d8d864b-5a6b-4543-acfb-499bcc4f1d39,clothe.download,available,5.98,9.98,high,low,6,namecheap,,,19/09/2026 19:51
6a64f32a-ece0-41ae-9390-1c7435c152be,papery.download,available,5.25,6.25,medium,low,6,namesilo,,,12/08/2026 02:43
f9e6d5ac-ab68-4f33-be09-934b7fffbac6,lens.download,premium,125,,high,high,4,name.com,,,29/09/2026 12:27
9b3e825a-8242-4b79-b085-4fd894e158f3,stealth.download,premium,448,53.92,high,low,7,namesilo,,,29/09/2026 08:08
5c69adaf-a7f6-4b8a-a68f-c500fc4ebea1,sup.download,premium,625,,high,low,3,name.com,,,
0d8349ee-3df1-460d-8604-e57c6d5f217e,webshop.download,premium,437.5,,high,low,8,name.com,,,
568aff3e-dc11-4711-a9fd-4fa14c34f354,attentive.download,premium,448,53.92,high,low,9,namesilo,,,22/09/2026 11:22
b9d92426-e276-4af6-a470-262d5017b3a5,assign.download,premium,448,53.92,high,low,6,namesilo,,,21/09/2026 02:19
fb0e3761-2f95-43c8-96d5-5802ba74eda4,getaways.download,premium,455,65,medium,low,8,namecheap,,,20/09/2026 18:37
930d3b8f-5c55-48d7-bfd0-93a0cb0345d6,ravi.download,premium,448,53.92,high,low,4,namesilo,,,29/09/2026 04:31
4b39b26c-4827-4d66-b916-3e440bf40caf,rasmussen.download,premium,,,high,low,9,,,,28/09/2026 06:07
779920fb-2459-4688-986d-122bf2695090,isabel.download,premium,382.61,55.11,high,low,6,porkbun,,,28/09/2026 16:24
faff288e-f941-4302-833d-916ab149cc82,superuser.download,premium,116,29.5,high,low,9,namesilo,,,
79e017e7-7033-49b6-aae0-304f75166a8a,behest.download,available,5.25,6.25,high,low,6,namesilo,,,23/09/2026 03:29
536ceb41-fa20-401f-b9da-b9c5cd2433d4,unclear.download,available,5.98,9.98,high,low,7,namecheap,,,21/08/2026 19:00
1b1e7deb-dda8-4b63-b50e-ad4c68909b08,algometric.download,available,5.25,6.25,medium,low,10,namesilo,,,
8c131ab5-353d-4997-9c45-263431385b5b,facing.download,available,5.25,6.25,high,low,6,namesilo,,,29/09/2026 09:38
1489fe1a-2928-43de-84ce-5a084da2095c,taint.download,available,5.25,6.25,high,low,5,namesilo,,,24/09/2026 17:39
e1e0322f-6e39-4ad8-9b15-9e740fe95d64,swimming.download,available,5.25,6.25,high,low,8,namesilo,,,03/09/2026 12:48
5d1b849c-9483-4b91-ba08-23d436c36162,hips.download,premium,362.45,51.95,medium,low,4,spaceship,,,28/09/2026 22:48
38d16237-4736-46c3-9253-fa13e96d448a,histrion.download,available,5.25,6.25,medium,low,8,namesilo,,,11/09/2026 13:07
d4895f7c-420d-4e1d-9bb2-92c726dfe424,mod.download,premium,625,81.25,high,low,3,name.com,,,25/08/2026 02:27
6bbcec0d-4bc1-40f4-838c-7068d071938b,frictional.download,available,5.25,6.25,medium,low,10,namesilo,,,18/08/2026 15:28
de045044-1549-43c1-8a3a-528737cbbe3f,enteric.download,available,5.25,6.25,medium,low,7,namesilo,,,17/08/2026 09:53
33882bf0-fad9-4d5c-b56d-c93c8b15a02d,unanimous.download,premium,437.5,62.5,high,low,9,name.com,,,12/08/2026 22:33
9a55e1b0-0484-4f83-970a-727f72c3050e,cocky.download,premium,437.5,62.5,high,low,5,name.com,,,12/08/2026 15:02
03fdbe4a-3fe8-4712-877d-a47c606c310b,lovell.download,available,5.25,6.25,medium,low,6,namesilo,,,28/09/2026 10:17
d1a4b63d-3314-4c54-9bae-b6a4f88482bf,judges.download,available,4.32,5.35,medium,low,6,spaceship,,,29/09/2026 03:34
eaf231c5-beca-421c-b3c4-bf030f281691,soporific.download,available,5.25,6.25,medium,low,9,namesilo,,,21/08/2026 16:58
8be832a7-cdb6-49fe-a607-38f2d2e9e98c,prospect.download,premium,103.7,26.08,high,low,8,spaceship,,,28/09/2026 14:06
c7fdffd8-e03c-4110-9cbe-e54a5e538118,anklebone.download,available,5.25,6.25,medium,low,9,namesilo,,,19/09/2026 09:43
ab2a88d4-2751-4886-b3ec-1456d3eecf43,evolve.download,premium,437.5,,high,low,6,name.com,,,
52d73a29-0fe8-4987-bba0-985c43171a82,slovenian.download,available,5.25,6.25,high,low,9,namesilo,,,10/09/2026 11:19
20178d87-6992-4cfb-bcf5-3ce5352d5f8d,perth.download,premium,448,53.92,high,low,5,namesilo,,,26/09/2026 00:00
83762602-318c-434a-83d3-2eab1cfb4188,elam.download,premium,385,55,medium,low,4,dynadot,,,30/09/2026 01:29
e0a66090-dd31-4839-9f27-7b59558826b8,tomorrows.download,available,5.25,6.25,medium,low,9,namesilo,,,21/09/2026 09:58
f4c19413-a7b1-45cb-b932-e1ec85d70bc4,brummell.download,available,5.25,6.25,medium,low,8,namesilo,,,22/09/2026 22:01
3324d01b-90f2-4c8d-ba9e-8f37e69f0da9,aluminate.download,premium,455,65,medium,low,9,namecheap,,,18/09/2026 15:13
a31ebce4-d936-425c-9de6-40c4d6712c39,drilled.download,available,5.98,9.98,medium,low,7,namecheap,,,14/08/2026 19:21
3977616c-bdb8-447a-90f5-7c9f59529a99,forgot.download,available,4.18,5.18,medium,low,6,cloudflare,,,27/09/2026 21:47
96103f29-00f3-4c7f-8305-40ee2e0c65ac,shin.download,premium,448,53.92,high,low,4,namesilo,,,29/09/2026 09:47
467d82eb-267f-4bd3-82ad-5c1848c465e5,bare.download,premium,448,53.92,high,low,4,namesilo,,,22/09/2026 11:54
5894489d-1dbb-4e88-bac1-f52413c8b7bf,disraeli.download,available,5.25,6.25,medium,low,8,namesilo,,,23/09/2026 08:17
c96077da-693b-4072-956e-5815224a2f53,heels.download,available,5.25,6.25,high,low,5,namesilo,,,27/09/2026 10:19
f785ef4f-714a-47a6-9983-ebcea4abb4eb,secrecy.download,available,5.25,6.25,high,low,7,namesilo,,,24/09/2026 17:03
87e1d85e-5876-4a8a-8c81-7f99b39dcc9c,amonra.download,available,5.98,9.98,medium,low,7,namecheap,,,18/09/2026 18:34
ed99150c-280b-4c66-9e9e-66ebb7e5e718,apothecium.download,available,5.98,9.98,medium,low,10,namecheap,,,19/09/2026 19:43
fe37bac2-82c2-4c0c-840a-f273b311ef77,unsaid.download,available,5.25,6.25,medium,low,6,namesilo,,,12/09/2026 09:43
a4c35db5-c80c-47c6-ae93-77f19ec1ccf4,battlefield.download,premium,640,77.35,high,low,11,namesilo,,,28/09/2026 16:00
234dd817-7230-448c-9270-b9217191abed,exposit.download,available,5.25,6.25,medium,low,7,namesilo,,,15/08/2026 23:47
8b408168-7d7e-4f4b-80f6-f3e4ca3510d2,promo.download,premium,1250,,high,low,5,name.com,,,
4d070b24-64c1-4220-bf2d-4468e20a9bf4,deducible.download,available,5.25,6.25,medium,low,9,namesilo,,,13/08/2026 22:25
8d9c5da1-419a-4758-9dcd-4972b1ddf907,formally.download,available,5.25,6.25,high,low,8,namesilo,,,14/09/2026 19:42
a1614013-2fc8-4e13-b4af-63799b6c482c,laic.download,available,5.98,9.98,medium,low,4,namecheap,,,22/08/2026 18:47
638a3f8e-19f0-48e8-ab6d-7ec6216a4307,darker.download,available,5.25,6.25,low,low,6,namesilo,,,28/09/2026 23:20
6ff6b3d6-5f44-4fe2-b5ef-5944fb741114,positional.download,available,5.25,6.25,high,low,10,namesilo,,,09/09/2026 00:06
291b667f-66b4-4046-bff9-4209e13c81a5,oneiric.download,premium,448,53.92,medium,low,7,namesilo,,,04/09/2026 15:12
30c5afb8-e3d8-441b-9dec-e0e3fa857de9,scallion.download,available,5.98,9.98,medium,low,8,namecheap,,,18/09/2026 11:26
ff4fcfe7-706f-45b6-a4f1-dac2ac39076b,exon.download,premium,448,53.92,medium,low,4,namesilo,,,30/09/2026 01:04
6a6651dc-daef-40de-aa7b-e8ee9edfc808,linnean.download,available,5.98,9.98,medium,low,7,namecheap,,,23/08/2026 17:24
bd5b26c4-4f5e-4ec9-b170-324ea5799eb6,baldrick.download,available,5.25,6.25,medium,low,8,namesilo,,,21/09/2026 21:46
38656f54-1877-4789-a71e-9a21745b2dbf,rigged.download,available,5.25,6.25,high,low,6,namesilo,,,09/09/2026 17:25
053abb26-f257-4afa-b31e-8a5639225801,threesome.download,premium,12500,125,high,low,9,name.com,,,
208ed315-46ff-4a58-b48c-c382f5316690,feared.download,available,5.25,6.25,medium,low,6,namesilo,,,28/09/2026 11:28
b7863c30-3ade-4109-9082-0508d6b7c153,theyre.download,available,5.25,6.25,medium,low,6,namesilo,,,
97d8a81b-52ad-4e76-ace5-61b6de0711c4,teeming.download,available,5.25,6.25,medium,low,7,namesilo,,,11/09/2026 10:05
2104b00f-58d9-4665-a116-48bd45cf3c19,lice.download,premium,448,53.92,low,low,4,namesilo,,,29/09/2026 23:05
92e91aa9-858e-40f7-a9bd-fa4ac2ad6695,unblended.download,available,5.25,6.25,medium,low,9,namesilo,,,12/09/2026 02:12
e3b35d91-a833-4fc2-8f04-38d7b799532c,earthworm.download,premium,455,65,high,low,9,namecheap,,,19/09/2026 06:33
76862e58-abc1-486e-8f81-9a18842eb663,pains.download,available,5.25,6.25,high,low,5,namesilo,,,28/09/2026 06:29
3cd0cc1a-0582-4faf-ad3d-a0543e860bdd,idol.download,premium,13800,116,high,low,4,namesilo,,,22/09/2026 22:03
82450bda-c986-4ea6-8bc8-08800d00ce34,deviant.download,premium,116,29.5,high,low,7,namesilo,,,
67923007-d35e-4785-bfad-24d2a6ed31ed,victor.download,premium,437.5,,high,medium,6,name.com,,,
ea9c08cd-a715-46f4-890d-7e8c8648cd49,nonzero.download,available,5.25,6.25,high,low,8,namesilo,,,03/09/2026 18:39
c7d1ca45-7200-4618-9e7a-09623a4b0cde,actinide.download,available,5.25,6.25,medium,low,8,namesilo,,,
7a41b265-3c9f-4a6e-bb47-1d8748d4cd7e,olson.download,premium,448,53.92,medium,low,5,namesilo,,,27/09/2026 01:46
4acf882b-6675-431f-a933-25774e6afbb4,beheaded.download,available,5.25,6.25,medium,low,8,namesilo,,,09/08/2026 10:21
2b405024-9dcd-4ddc-b226-1e5190e4e739,biometrics.download,premium,455,65,high,low,10,namecheap,,,23/09/2026 18:33
fc414691-712b-4288-ab56-06932a8c1eef,possibilities.download,premium,448,53.92,medium,low,13,namesilo,,,16/09/2026 10:01
4fe41f8e-a574-4d60-ab3b-282b5aedb5c5,derelict.download,available,5.25,6.25,high,low,8,namesilo,,,21/09/2026 13:39
f8fe9af9-0b5d-4b4f-951e-41709d0256ec,bellbottom.download,available,5.25,6.25,low,low,10,namesilo,,,09/08/2026 13:21
34a4586d-4d37-4ace-ae33-2d47ddc06527,blunt.download,premium,448,53.92,high,low,5,namesilo,,,22/09/2026 23:15
a802166c-857e-46f3-a332-2a2cca1cb6a9,heroine.download,premium,362.45,51.95,high,low,7,spaceship,,,29/09/2026 07:16
2b8264c4-981d-4bb2-9df0-010779e5fc36,trumpcare.download,available,5.25,6.25,medium,low,10,namesilo,,,
85a59b99-05a7-48a5-be8e-4d01faff1088,nectarous.download,available,5.25,6.25,medium,low,9,namesilo,,,
3ee0ad1d-1890-4a2f-b48c-e5886f22151b,hai.download,premium,550,71.5,high,low,3,dynadot,,,27/09/2026 16:50
7c495df1-d606-4281-80cb-acaaeab46d48,grandad.download,available,4.32,5.35,high,low,7,spaceship,,,29/09/2026 21:10
35ad9a5e-5c14-482d-a267-aae43483ba41,worked.download,available,5.25,6.25,high,low,6,namesilo,,,
1cf5a086-15db-4c6c-96aa-82920ca0b7e9,dreamy.download,premium,437.5,62.5,high,low,6,name.com,,,14/08/2026 18:48
65c0805e-5eb1-443d-a7f4-45670591ee2b,noticing.download,available,5.25,6.25,high,low,8,namesilo,,,29/09/2026 08:45
36710099-7d91-44a8-a60d-c6905469ab83,hollywood.download,premium,12500,125,high,low,9,name.com,,,21/08/2026 10:34
0fa512bc-4ae9-4387-80ce-33bced2ac838,facet.download,premium,448,53.92,high,low,5,namesilo,,,28/09/2026 22:42
df443397-1868-4e78-bf50-deeaef23e5a6,chelate.download,available,5.25,6.25,medium,low,7,namesilo,,,12/08/2026 04:03
916dbfef-3216-4fac-b6dc-1d2c37c38d69,nonsuch.download,premium,455,65,medium,low,7,namecheap,,,03/09/2026 20:15
41c505c5-e497-45df-9a0f-1fe7949e5eac,variform.download,premium,448,53.92,medium,low,8,namesilo,,,13/09/2026 01:22
ccd43e40-e112-4676-9413-58061c343a22,angelique.download,premium,448,53.92,high,low,9,namesilo,,,19/09/2026 05:58
3c1a25f1-7739-43a3-a832-89075bdcbfa6,shote.download,available,5.98,9.98,high,medium,5,namecheap,,,08/09/2026 19:36
d97d31e3-9a80-4b4f-ada9-fdc24c320744,qualities.download,premium,362.45,51.95,medium,low,9,spaceship,,,28/09/2026 08:30
00fad184-2a9f-4bae-aaf8-620c2652e9a1,worlds.download,premium,448,53.92,high,low,6,namesilo,,,18/09/2026 17:40
c39b026f-76b3-455b-a05b-17985cdc0999,addresses.download,available,9.98,,medium,low,9,namecheap,,,
22dca038-5948-4f79-9dc5-1f398d072c90,usher.download,premium,385,55,high,low,5,dynadot,,,29/09/2026 00:41
537b2e87-069d-4205-a10d-22be34b9a649,laura.download,premium,437.5,,high,low,5,name.com,,,
8ba0687d-9ae1-4c53-9d54-bed5053d92dd,boland.download,premium,448,53.92,medium,low,6,namesilo,,,29/09/2026 04:35
f66ec2ea-9ec1-48c3-9323-afbfe3b0a9ff,waite.download,premium,,,medium,low,5,,,,28/09/2026 19:55
ddda9bde-74c7-4c91-b2fe-8b6886c5854c,flameproof.download,available,5.25,6.25,high,low,10,namesilo,,,18/08/2026 06:28
d4a4993a-ade8-43ae-9656-ef51402678a2,haymarket.download,premium,448,53.92,high,low,9,namesilo,,,29/09/2026 22:38
ab600a5f-056e-42b3-82a4-d14d873be514,bemused.download,available,5.25,6.25,medium,low,7,namesilo,,,07/08/2026 11:47
55457097-45b0-4600-8405-18ccf23d8fb1,charlie.download,premium,455,65,high,medium,7,namecheap,,,25/09/2026 18:14
842c172b-b506-4c3a-be38-bbf9d8db59b6,hercules.download,premium,437.5,,high,low,8,name.com,,,28/09/2026 20:10
ef4428f9-00b1-4259-86d3-ef4eb0c170fe,pecuniary.download,available,5.25,6.25,medium,low,9,namesilo,,,25/08/2026 04:35
600f68d8-7291-440f-8029-3890a04ab482,pilots.download,premium,,,medium,low,6,,,,28/09/2026 00:23
a2197080-b76e-448e-91bd-f78fffa40bab,contained.download,available,5.25,6.25,high,low,9,namesilo,,,23/09/2026 21:42
5023623e-01d8-47d3-84b3-0dea97732c92,aspirin.download,premium,382.61,55.11,high,medium,7,porkbun,,,28/09/2026 17:41
52184f72-1ef3-4434-be64-c9058c38e321,monday.download,premium,437.5,,high,low,6,name.com,,,
b4a8560a-7bf6-403f-9f3e-218c04addffb,fizzing.download,available,5.25,6.25,medium,low,7,namesilo,,,18/08/2026 06:02
48fb1883-2e2d-478c-9269-7082e78becbf,fee.download,premium,640,77.35,high,low,3,namesilo,,,29/09/2026 05:24
71c4937c-8588-4bf5-94f7-4f18f9404840,leukaemia.download,available,5.25,6.25,medium,low,9,namesilo,,,24/09/2026 11:59
c8c3f6ec-b683-472f-afa8-fea89455f0c3,danzig.download,premium,,,medium,low,6,,,,28/09/2026 09:29
a64e463e-499d-4f6c-b5c1-c7d878e42ae9,congratulate.download,available,4.32,5.35,high,low,12,spaceship,,,29/09/2026 03:02
806a9b8e-4cf6-48e0-bc91-3c5aebda3a60,argentine.download,available,,,high,high,9,,,,
7bee2b0e-a572-4d3d-bd1e-e77619357039,talent.download,premium,650,84.5,high,medium,6,namecheap,,,29/09/2026 18:11
0f9d99be-c4f9-4b06-b500-283324902a33,norte.download,available,5.25,6.25,high,low,5,namesilo,,,27/09/2026 07:02
a1e4d7e1-60e6-45ac-885a-818df385c272,incoherent.download,available,5.25,6.25,medium,low,10,namesilo,,,22/08/2026 01:42
d2c1094d-f04b-4fdf-82e5-50d200629839,cattle.download,available,5.25,6.25,high,low,6,namesilo,,,25/09/2026 01:59
ede57280-fd53-46f7-9d3e-946c3ad165a6,binding.download,premium,455,65,high,low,7,namecheap,,,22/09/2026 20:51
d7e4d90d-fd90-45ac-87a3-09590546f90b,pushup.download,premium,437.5,,high,low,7,name.com,,,
902e7fd3-f0c2-4689-90c5-3f7625c67f7b,intertidal.download,available,5.25,6.25,high,low,10,namesilo,,,22/08/2026 08:21
03d7a629-2630-4293-be8c-bccbf8d2efe2,nescient.download,available,5.98,9.98,medium,low,8,namecheap,,,21/08/2026 18:29
7c5e3066-bdc8-44e2-8237-bea8e3eddd67,aberrance.download,available,5.25,6.25,medium,low,9,namesilo,,,16/09/2026 15:12
79723ce1-bf98-4dcd-b3fb-3c0499a0ce2a,frothing.download,available,5.25,6.25,medium,low,8,namesilo,,,18/08/2026 09:42
233752ee-6e90-4aea-a973-525677ee81a7,either.download,available,5.25,6.25,medium,low,6,namesilo,,,28/09/2026 14:39
9ee57743-d155-4d1e-9d11-b1b891780ddc,mucky.download,available,5.25,6.25,medium,low,5,namesilo,,,10/08/2026 17:06
b5cc72e3-20f2-45e9-b778-c4c202a727e5,adiantum.download,available,5.25,6.25,medium,low,8,namesilo,,,17/09/2026 08:05
caf129de-23d8-4684-8373-65c36bf88c70,owning.download,available,5.25,6.25,medium,low,6,namesilo,,,20/09/2026 00:32
1e41e374-fd50-4897-a96e-01fb5391c079,dumbstruck.download,available,5.98,9.98,medium,low,10,namecheap,,,14/08/2026 21:06
cad5c9cf-eab8-4240-a150-c7b205bf2008,baker.download,premium,455,65,high,low,5,namecheap,,,21/09/2026 20:17
90eed775-fe30-4b5b-a652-0b1d3c46f453,aerodrome.download,premium,448,53.92,high,low,9,namesilo,,,17/09/2026 12:58
8e553eb0-10a4-4847-b76a-5a0b9e1ade99,topping.download,premium,448,53.92,high,low,7,namesilo,,,11/09/2026 17:36
c823fc77-ed31-4032-bb49-47b29c99c0ad,allice.download,available,5.98,9.98,medium,low,6,namecheap,,,18/09/2026 11:05
7ebc1b78-9028-4236-9c50-cfff43d1adb1,carroty.download,available,5.25,6.25,medium,low,7,namesilo,,,11/08/2026 19:48
4fcee201-bc70-4bdd-901e-8d705f6fd4be,aubergine.download,premium,448,53.92,high,low,9,namesilo,,,21/09/2026 02:33
b9dc65fc-1f84-4889-81f5-5c620e733b9e,supplement.download,available,5.25,6.25,high,low,10,namesilo,,,17/09/2026 06:43
73aa4373-04d8-4a45-b0bf-c3416d762190,procrastinate.download,premium,437.5,,medium,low,13,name.com,,,
ae264dbc-400f-4cd5-99d6-58152dc4a845,lao.download,premium,625,81.25,high,low,3,name.com,,,22/08/2026 19:34
0c70a933-6907-413c-a253-8cdb10787af6,heliac.download,available,5.25,6.25,medium,low,6,namesilo,,,21/08/2026 06:28
9cd9f8c2-3640-4187-b37d-2a636d34edae,stories.download,premium,448,53.92,high,medium,7,namesilo,,,17/09/2026 13:42
5b8fbd5d-1575-45e6-a36a-536fc3e19ede,issue.download,premium,109.69,27.82,high,low,5,porkbun,,,29/09/2026 11:12
4324c0f8-d645-46ca-8585-23622e315824,argun.download,premium,448,53.92,medium,low,5,namesilo,,,20/09/2026 04:51
44b2a11c-aa65-4c09-b338-0864a857345b,biter.download,premium,448,53.92,medium,low,5,namesilo,,,23/09/2026 22:27
ada5fd79-34e5-4a05-8bcf-ae1c870f69fb,desktops.download,available,5.25,6.25,medium,low,8,namesilo,,,20/09/2026 12:27
49b3c5cf-7a5f-4990-b355-4c0248553984,artfulness.download,available,5.98,9.98,high,low,10,namecheap,,,20/09/2026 10:34
d37862a8-25dc-4527-b9fe-f4a3cb564c42,brooding.download,available,5.25,6.25,high,low,8,namesilo,,,11/08/2026 05:52
dadebd5e-1368-4bb6-9889-a944167ecadc,artefact.download,available,5.25,6.25,high,low,8,namesilo,,,20/09/2026 10:07
09907c9a-257f-4d57-9921-88bee4ac72f0,lanka.download,available,5.25,6.25,high,low,5,namesilo,,,25/09/2026 15:46
fd07111c-3b96-467e-ba57-f0f52e2f67a4,expectations.download,premium,362.45,51.95,medium,low,12,spaceship,,,28/09/2026 08:38
294915b4-a3ef-41d0-901f-a47796de29ce,planted.download,available,5.25,6.25,high,low,7,namesilo,,,24/09/2026 04:59
327f3bf3-d16a-4bd9-8ef4-c5c6fd055f1c,maine.download,available,5.98,9.98,high,low,5,namecheap,,,28/09/2026 06:19
4f0001ce-55f4-4ec2-8ee8-c672defb1430,bedrock.download,premium,448,53.92,high,low,7,namesilo,,,22/09/2026 10:39
e1ca7cff-85dd-4c7d-aff9-3ea9206b014c,beaumont.download,premium,455,65,high,low,8,namecheap,,,22/09/2026 22:14
9e115a82-b7a7-42fd-b99d-734718a6669c,seagull.download,premium,437.5,,high,low,7,name.com,,,
774aaac7-b8f6-44fe-b3b5-60f3ede101d4,disliked.download,available,5.25,6.25,medium,low,8,namesilo,,,14/08/2026 11:29
5d5a28f5-b6ae-446a-bf9a-54d57a52fe41,arenaria.download,premium,448,53.92,medium,low,8,namesilo,,,20/09/2026 03:39
3264ae4d-9afd-46c0-ae20-65dc2cefec84,downer.download,available,5.25,6.25,medium,low,6,namesilo,,,14/08/2026 02:41
f5d1bf3e-7821-4d13-8372-a6e78c2450f4,bette.download,premium,448,53.92,medium,low,5,namesilo,,,29/09/2026 15:28
93bed31e-1552-46ca-8564-2d53ff71b1fd,paramount.download,premium,448,53.92,high,low,9,namesilo,,,04/09/2026 21:41
2d5377ba-0f03-42d7-99b3-b725119746b3,fortune.download,premium,362.45,51.95,high,low,7,spaceship,,,29/09/2026 09:17
839261fb-43a1-46a0-b4b7-32bef53a692e,gained.download,available,5.25,6.25,low,low,6,namesilo,,,28/09/2026 08:35
0f55e0fa-d123-4aa7-b418-2459db9cbb68,hospital.download,available,4.32,5.35,high,low,8,spaceship,,,28/09/2026 12:22
71650fa3-5bd5-4bf1-9a99-21393866dddd,oxford.download,premium,437.5,,high,low,6,name.com,,,
38783738-7850-4a7e-a683-c47a8bb1a4b6,victories.download,premium,448,53.92,medium,low,9,namesilo,,,18/09/2026 09:23
aab1f579-7b3b-4f33-8348-809acf4db59c,counselling.download,available,5.25,6.25,high,low,11,namesilo,,,17/09/2026 12:13
5fdbf0ae-a059-4dac-bcc5-61693c4e3de8,nullify.download,available,5.25,6.25,high,low,7,namesilo,,,13/09/2026 06:46
cad5b122-a1db-47f3-b0e1-4f5d50937714,anthrax.download,premium,448,53.92,medium,low,7,namesilo,,,19/09/2026 13:52
71f626a2-d894-4523-a6fe-4af0b587d2ea,nab.download,premium,640,77.35,high,medium,3,namesilo,,,20/09/2026 09:04
b7ec5560-552a-40f6-ab68-53b06e1c51ff,double.download,premium,116,29.5,high,low,6,namesilo,,,24/09/2026 11:46
5e4ad6d9-cfaf-4678-b198-6916ac135954,digitally.download,premium,517.7,67.48,high,low,9,spaceship,,,28/09/2026 12:07
e4710e26-fd0d-42b7-a56f-9a3f50fa0a20,soundly.download,available,5.25,6.25,high,low,7,namesilo,,,16/09/2026 05:34
927d65cb-b358-43f6-845c-b5ac38d00052,blacktop.download,premium,448,53.92,medium,low,8,namesilo,,,24/09/2026 03:24
05629036-8c4d-4198-8afa-b123ed67394b,rambling.download,available,5.25,6.25,high,low,8,namesilo,,,17/08/2026 16:41
437adbcb-74d7-4f2b-bdd6-d6749f1cbea2,albany.download,premium,448,53.92,high,low,6,namesilo,,,18/09/2026 02:27
3d859f8b-3d83-4eec-9dec-1b4787b949c4,pulls.download,available,5.25,6.25,medium,low,5,namesilo,,,16/09/2026 23:15
f06d8dc8-c6a5-4dc9-b38d-cec891f9c72e,chiliad.download,premium,437.5,62.5,high,low,7,name.com,,,
30601075-fa8e-4f95-9642-e45211cf001b,songster.download,available,5.25,6.25,high,low,8,namesilo,,,21/09/2026 22:38
bfb011d1-74e7-47a3-9567-f754bc9b0665,consider.download,available,5.25,6.25,high,low,8,namesilo,,,24/09/2026 05:21
dcc57f07-b94a-4b2b-aa1e-edbf2acc94e9,atwood.download,premium,362.45,51.95,medium,low,6,spaceship,,,28/09/2026 18:22
5b6136c4-b344-48e5-aa59-a7183567263f,geneva.download,premium,448,53.92,high,low,6,namesilo,,,28/09/2026 09:52
5ab5a5de-fbb8-405e-9159-e7bf4a3909b3,cry.download,premium,517.7,67.48,high,low,3,spaceship,,,29/09/2026 12:15
5df5c664-3bc2-43bb-923d-2f4315d7a19b,putting.download,available,5.25,6.25,high,low,7,namesilo,,,25/09/2026 10:11
5fdf648d-a9e3-456b-aad3-9abc677ea0ba,sliding.download,available,4.32,5.35,high,low,7,spaceship,,,27/09/2026 22:47
471bdcbf-b718-4a8f-a895-9f5abc51c84e,moated.download,available,5.25,6.25,medium,low,6,namesilo,,,25/08/2026 02:14
2723f878-9af3-4e73-80d1-a8142d5672d6,forcing.download,available,4.18,5.18,medium,low,7,cloudflare,,,28/09/2026 12:56
f35a8fde-e3a1-4633-a040-a24c16181083,ingersoll.download,premium,448,53.92,medium,low,9,namesilo,,,29/09/2026 04:29
8cffcee5-c902-4c5d-b7d9-4b44a0a4c1d9,scrimmage.download,premium,448,53.92,high,low,9,namesilo,,,22/09/2026 16:24
db7b0294-0637-4d38-8524-47ae9b2444be,bundle.download,premium,103.7,26.08,high,low,6,spaceship,,,29/09/2026 02:36
789610ac-dd17-4318-9bf2-b8a9b3714a9c,sse.download,premium,640,77.35,high,low,3,namesilo,,,16/09/2026 05:18
67748324-f12c-4d1e-bcb4-1674c7cdf3c0,exact.download,premium,116,29.5,high,low,5,namesilo,,,24/09/2026 15:46
f975376c-ec2e-475e-97aa-331785f3cbef,gallon.download,available,5.25,6.25,high,low,6,namesilo,,,29/09/2026 10:57
83e70671-cfee-4a23-ae55-3d0f5ba5c90d,trujillo.download,premium,362.45,51.95,medium,low,8,spaceship,,,28/09/2026 16:38
9f8f8fa5-b49b-4f75-9047-0d1665f4f9b1,ying.download,available,5.25,6.25,medium,low,4,namesilo,,,28/09/2026 11:38
df047a76-271c-4081-b2ae-45c618db8289,unbacked.download,available,5.25,6.25,high,medium,8,namesilo,,,10/09/2026 08:27
638324ed-b908-4d61-abf6-c4c90cfa954d,body.download,premium,448,53.92,high,low,4,namesilo,,,24/09/2026 06:32
b1cd907e-494e-401f-83bc-9bf09fcb8743,confluent.download,premium,437.5,62.5,high,low,9,name.com,,,12/08/2026 21:07
4ce06443-dfb7-4e36-bcdc-c6401c97bb95,whammy.download,premium,437.5,62.5,medium,low,6,name.com,,,21/08/2026 07:39
3b4bf925-e58b-4469-b973-ce5f96d57e33,abdicable.download,available,5.25,6.25,medium,low,9,namesilo,,,
769738fe-c1aa-419e-af84-95f0c3d568e6,gaseous.download,available,5.98,9.98,medium,low,7,namecheap,,,18/08/2026 20:25
a825b91b-2562-4ad5-be0a-392bf0bb82f2,arnica.download,premium,455,65,high,low,6,namecheap,,,20/09/2026 08:11
d2f22dfb-2953-46fe-938b-89555b8f7039,changer.download,available,5.25,6.25,high,low,7,namesilo,,,21/09/2026 05:31
7fcc44cf-3482-4d14-b621-c69f6901096a,chiapas.download,premium,448,53.92,medium,low,7,namesilo,,,29/09/2026 04:08
1b9ee57b-f9ef-48ec-bfa5-5465768cf673,nocturnal.download,premium,455,65,high,low,9,namecheap,,,03/09/2026 18:04
d2ec676e-708d-4434-b174-e02fbcb37e1c,cough.download,available,5.98,9.98,high,low,5,namecheap,,,24/09/2026 18:37
08b62aa1-969f-4c67-b874-24e0d0d2b0b0,mahmud.download,available,4.48,5.55,medium,low,6,dynadot,,,28/09/2026 22:18
baf17161-9ff7-4ad3-97ba-46d1d25ab641,tombstone.download,premium,448,53.92,high,low,9,namesilo,,,29/09/2026 12:58
7159d576-8cc7-4a55-a257-4f495e53a27d,urbanized.download,available,5.25,6.25,medium,low,9,namesilo,,,12/09/2026 23:29
b80cbf46-25c6-4ba6-aced-fd84104391e8,decimal.download,premium,437.5,62.5,high,low,7,name.com,,,13/08/2026 21:27
55805f47-4cfe-4f2c-a730-349459fced4e,cigarettes.download,available,5.98,9.98,medium,low,10,namecheap,,,25/09/2026 21:29
b3c1e6b5-a919-44a1-8b16-1deb94521456,weak.download,available,5.25,6.25,high,low,4,namesilo,,,24/09/2026 04:57
65b645fd-2091-4fdb-a9ac-4c92a11ae011,lingually.download,available,5.25,6.25,medium,low,9,namesilo,,,15/09/2026 12:28
fc87889c-9267-4655-9000-98033b30aee3,corbin.download,premium,362.45,51.95,high,low,6,spaceship,,,28/09/2026 07:42
901400d5-19fe-4ad5-b956-d660b1a0a60a,anorectal.download,available,5.25,6.25,medium,low,9,namesilo,,,
a2f327e2-607a-4cd1-9257-8975bd5b4b75,lengthy.download,available,5.98,9.98,medium,low,7,namecheap,,,14/08/2026 18:32
13139db6-d2c1-49bf-9c11-ac58efd43256,milton.download,premium,448,53.92,high,low,6,namesilo,,,28/09/2026 10:12
a3873286-d1b1-48df-9e08-73243a115f80,untreated.download,available,5.25,6.25,medium,low,9,namesilo,,,12/09/2026 21:44
5bf4e9ee-c56f-492a-aaad-8aaacb66d95e,amnionic.download,available,5.25,6.25,medium,low,8,namesilo,,,
aa21a8b8-28d0-4e81-8cc9-54badc905c91,pour.download,premium,437.5,,high,low,4,name.com,,,
3de849d3-a5a9-4d3c-a5eb-3c16b26c5a3a,burdensome.download,available,5.25,6.25,medium,low,10,namesilo,,,11/08/2026 10:29
72a2714d-855e-499b-b4f9-b38f999d6d8a,amusing.download,premium,125,37.99,high,low,7,name.com,,,
ddff0a87-4d14-4999-a856-d23822ad1cad,aotus.download,available,5.25,6.25,medium,low,5,namesilo,,,19/09/2026 16:05
f89411a3-710f-4441-8eb6-761d61b0dd63,halal.download,premium,116,29.5,high,low,5,namesilo,,,20/08/2026 22:18
f47a6318-d7d4-443b-9726-08ea145e0d47,abscissa.download,available,5.25,6.25,medium,low,8,namesilo,,,16/09/2026 17:32
492d292e-d793-499f-ab02-cf60facd8b04,fix.download,premium,640,77.35,high,low,3,namesilo,,,27/09/2026 10:10
8fbeca64-46af-4299-8c26-e8c6dfe3d794,hill.download,premium,517.7,67.48,high,low,4,spaceship,,,28/09/2026 20:23
313df7f7-c0ab-4fe4-94c2-ebdd14b3c6bf,motor.download,premium,455,65,high,low,5,namecheap,,,25/09/2026 21:51
2ef5fa16-8669-4741-90f0-3ec5ac347073,melted.download,premium,437.5,62.5,high,low,6,name.com,,,23/08/2026 23:37
3ed57931-b858-4dc3-9fce-ceaffe99601a,blankets.download,available,5.25,6.25,medium,low,8,namesilo,,,29/09/2026 05:14
8917afd8-ce9f-4787-9604-d34e078eedae,newport.download,premium,448,53.92,high,low,7,namesilo,,,28/09/2026 02:29
3be0ff8d-c43b-447b-b74c-cf8c947689a1,digby.download,premium,362.45,51.95,high,low,5,spaceship,,,29/09/2026 15:01
42db92a3-626b-4856-8275-109848799cf7,tabs.download,premium,448,53.92,medium,low,4,namesilo,,,20/09/2026 01:36
7ed09c5c-8438-44d6-9f5b-b5a075164f59,asexual.download,available,5.25,6.25,high,low,7,namesilo,,,07/08/2026 01:33
56497dfd-5647-48b2-85da-8b847af009bf,siblings.download,premium,382.61,55.11,medium,low,8,porkbun,,,29/09/2026 10:27
525feb0f-ea90-42d0-9e05-c2be874cc613,frankish.download,available,5.25,6.25,medium,low,8,namesilo,,,18/08/2026 14:14
bb200e58-7ba7-4c38-8ddc-f8af2e52ad39,frilled.download,available,5.25,6.25,medium,low,7,namesilo,,,18/08/2026 15:49
a2390482-4fc5-4de1-adf9-469aee86603d,uplifted.download,premium,448,53.92,high,low,8,namesilo,,,12/09/2026 23:11
45eb9a67-cda5-4115-b34f-6f68534eebaa,lapidary.download,available,5.25,6.25,medium,low,8,namesilo,,,22/08/2026 19:40
ca54b969-a07b-4fe8-a295-784a2cbf83ca,homeward.download,premium,437.5,62.5,high,low,8,name.com,,,21/08/2026 11:22
9945e8de-a2f1-476c-a81b-97936de06280,foliate.download,available,5.25,6.25,high,low,7,namesilo,,,18/08/2026 10:15
507612ef-9468-4f05-8101-e84544a88b6f,polo.download,available,,,high,high,4,,,,
ddbd5eaf-d67c-49b6-9ece-0b7c9d76afa1,disheveled.download,available,5.25,6.25,medium,low,10,namesilo,,,14/08/2026 10:56
a2b87617-c243-4ad9-8afc-fcbcc761b556,affirmable.download,available,5.25,6.25,medium,low,10,namesilo,,,
c7a0bd82-bdf9-4a14-a12a-73f86a074699,subaltern.download,available,5.25,6.25,medium,low,9,namesilo,,,22/08/2026 14:29
b50dfb6a-e8a9-4c05-8a73-59fed9576f49,livelong.download,premium,437.5,62.5,high,low,8,name.com,,,24/08/2026 07:57
a411d414-3ea7-4fc7-8a53-dabc7167ca86,multiplication.download,premium,437.5,,medium,low,14,name.com,,,
6fd10fbe-04ad-4192-874b-b0062a3a64b2,anlage.download,available,34.99,37.99,medium,low,6,name.com,,,19/09/2026 09:53
84de688c-ab3f-4930-a4bd-9f772a098c01,ascending.download,available,5.25,6.25,high,low,9,namesilo,,,07/08/2026 00:51
f865c149-e1c9-4424-8bcd-f0980f0c6d27,mackenzie.download,premium,448,53.92,high,low,9,namesilo,,,25/09/2026 21:54
709a9c34-7a56-4549-a921-b7ab0c3742ce,antiviral.download,available,5.98,9.98,high,low,9,namecheap,,,05/08/2026 20:06
dc10261b-dccd-4e98-889e-5e5e97812c6f,wasnt.download,available,5.25,6.25,low,low,5,namesilo,,,
efc4d647-10be-4d0a-8850-417b43f0de7f,barcarole.download,premium,448,53.92,high,low,9,namesilo,,,22/09/2026 05:06
41fb4582-1b7d-43ef-bb29-6a3eaca96585,sullen.download,premium,437.5,62.5,medium,low,6,name.com,,,20/08/2026 15:06
06766b02-bba3-4462-b4a5-f965bea48361,holden.download,premium,448,53.92,high,low,6,namesilo,,,28/09/2026 16:09
7a32333d-3045-4df5-aec8-a03e25c62b71,arbiter.download,premium,455,65,high,low,7,namecheap,,,20/09/2026 00:41
4d7bb505-de11-467b-9e9d-f89c961a7f35,fireworks.download,premium,116,29.5,high,low,9,namesilo,,,27/09/2026 21:35
49bfb0b0-3ad6-4aec-ac39-441e26344e5e,ruckle.download,available,5.25,6.25,medium,low,6,namesilo,,,13/08/2026 07:12
3c17a487-5c8f-48d4-bd8b-80f9f65112ee,adulterate.download,available,5.25,6.25,medium,low,10,namesilo,,,
2cc6e19f-dc54-4517-86d2-91111097a359,plantal.download,available,5.25,6.25,medium,low,7,namesilo,,,08/09/2026 20:48
f816ef68-4406-4964-9166-7ef0b7f5d1cc,neilson.download,available,5.25,6.25,medium,low,7,namesilo,,,29/09/2026 22:20
24d7e8a0-268e-424a-a583-8079a06e02e1,meets.download,available,5.25,6.25,high,low,5,namesilo,,,27/09/2026 06:26
7a58e820-724d-4bee-8d9c-6485e9f1df7e,avo.download,premium,640,77.35,high,low,3,namesilo,,,21/09/2026 09:36
c258f9d9-e4c6-436a-ad74-6779d7b6b235,serrated.download,available,5.25,6.25,medium,low,8,namesilo,,,03/09/2026 22:08
07c79981-487c-4064-b4b9-0e3aa3edc1da,nice.download,premium,6900,116,high,medium,4,namesilo,,,24/09/2026 00:45
e5636d1e-f78a-4e85-ac6f-78505eca01db,breezily.download,available,5.25,6.25,medium,low,8,namesilo,,,14/09/2026 01:28
95d2f4ae-fd2a-42ad-877a-70e8231843c1,liii.download,premium,116,29.5,medium,low,4,namesilo,,,
e9f7ba0f-1d73-495c-8042-ac8724892ad1,gallstone.download,available,34.99,37.99,medium,low,9,name.com,,,23/09/2026 15:46
7503a604-b631-45d0-9f0e-5e758da32ff1,norwegian.download,available,5.25,6.25,high,low,9,namesilo,,,25/09/2026 23:14
a1b4232b-5c8e-4cfa-872e-381203e8a724,batting.download,available,5.25,6.25,high,low,7,namesilo,,,22/09/2026 14:25
eef7d4d3-6631-44bc-9c66-5e0c5c1f9bbf,prussian.download,available,5.25,6.25,high,low,8,namesilo,,,09/09/2026 04:50
36ace763-a749-4787-acae-283806339c1b,valorous.download,available,5.25,6.25,medium,low,8,namesilo,,,13/09/2026 00:57
b3fd6a77-a2b3-448d-93dd-0f1dd76d2ddf,contracts.download,premium,448,53.92,medium,low,9,namesilo,,,28/09/2026 08:33
f77064f1-71ef-45f4-850e-e9c35722f3e3,dalmatia.download,premium,362.45,51.95,medium,low,8,spaceship,,,29/09/2026 12:00
f4de1fb2-78a2-429f-9b10-516f10a5de7b,tapped.download,available,5.25,6.25,high,low,6,namesilo,,,11/09/2026 08:19
d8353c91-b5e5-408e-9834-6e0100a39516,trailer.download,premium,625,81.25,high,low,7,name.com,,,22/08/2026 18:43
a06d3324-74cf-4878-9983-9cab49198960,moneymakers.download,premium,455,65,medium,low,11,namecheap,,,20/09/2026 18:20
fe1a7bab-8b77-4cf4-b075-f732da23c328,imaging.download,premium,130,32.5,high,low,7,namecheap,,,29/09/2026 19:16
f0676403-a9a3-4e0f-94bd-b59b02e5f2b4,interbrain.download,available,5.25,6.25,medium,low,10,namesilo,,,23/09/2026 11:55
f5f26928-43ed-4046-9a33-a83a0c3c40f7,exhausting.download,available,5.98,9.98,medium,low,10,namecheap,,,14/08/2026 18:21
b98708fe-1731-4251-b5e5-846ecf8fa59f,navarre.download,premium,382.61,55.11,medium,low,7,porkbun,,,27/09/2026 19:38
8a9dd8eb-f668-49d3-b18a-05f63b442286,heading.download,available,5.25,6.25,high,low,7,namesilo,,,25/09/2026 07:40
a669e086-261c-43b8-8d91-f26cf8fa0bb7,tolerant.download,premium,437.5,62.5,high,low,8,name.com,,,22/08/2026 19:55
1ed55d07-7c21-4db5-9ca6-b889704794aa,cpr.download,premium,650,84.5,high,low,3,namecheap,,,24/09/2026 12:51
7ae5b9e4-65c5-46c5-8e4a-72c29fc4fbd6,affairs.download,available,5.25,6.25,high,low,7,namesilo,,,17/09/2026 14:09
ef0a2ced-1fcb-4a9b-ad03-525f5e24002d,gdp.download,premium,650,84.5,high,low,3,namecheap,,,25/09/2026 06:24
19bb302f-bece-4acd-a524-74b8b842a5a7,undersea.download,available,5.25,6.25,high,low,8,namesilo,,,11/09/2026 00:18
c092710c-ab63-49f9-b36a-e984a59df7db,costumed.download,available,5.25,6.25,high,low,8,namesilo,,,13/08/2026 03:18
382a3d16-b947-4620-8375-fe74b70ea981,deity.download,premium,455,65,high,low,5,namecheap,,,24/09/2026 21:23
208fc348-3bbe-4e8a-8d10-f17674d42079,avulsion.download,available,5.98,9.98,medium,low,8,namecheap,,,21/09/2026 09:54
f463dc55-9005-482f-acdf-272f037a376a,enzymatic.download,premium,437.5,62.5,medium,low,9,name.com,,,17/08/2026 10:08
c8252fea-2d53-454c-8469-d93f5762333a,ollie.download,premium,362.45,51.95,high,low,5,spaceship,,,29/09/2026 03:12
826c8a6d-a15d-4756-b9ad-5a3af51f37e5,upraised.download,available,5.25,6.25,medium,low,8,namesilo,,,23/08/2026 01:53
f28a6a94-f8b6-4f55-9416-865dbba10eb5,diminutive.download,available,5.25,6.25,high,low,10,namesilo,,,08/08/2026 14:10
eacd2236-7d50-4164-a6e8-8a83cfb0b6c9,stripy.download,available,5.25,6.25,medium,low,6,namesilo,,,10/09/2026 22:46
7c619c85-273a-4de8-9692-7df6318d766d,widespread.download,premium,455,65,high,low,10,namecheap,,,24/09/2026 16:57
9f2d0613-ec17-4036-abca-b29a55078b61,atavism.download,available,34.99,37.99,medium,low,7,name.com,,,20/09/2026 19:45
695778cb-75ef-451c-90d4-47be23194134,continents.download,available,5.25,6.25,medium,low,10,namesilo,,,18/09/2026 12:00
a84a5bd9-6e86-4642-b6ff-564bb79a463d,reports.download,premium,640,77.35,high,low,7,namesilo,,,18/09/2026 16:26
31069b8a-17e0-401c-a0b2-fa9314b88281,fluently.download,available,5.98,9.98,high,low,8,namecheap,,,14/09/2026 19:08
9be00c8f-9949-4099-a55a-9e8f39067cae,ithaca.download,premium,448,53.92,high,low,6,namesilo,,,27/09/2026 14:23
cef52f35-388e-4ec5-8a1e-103c64c876a9,acetyl.download,available,5.25,6.25,medium,low,6,namesilo,,,17/09/2026 00:19
4c690e08-3710-4288-895d-5593846eb56c,both.download,premium,437.5,,high,low,4,name.com,,,
b2818c3c-aaf6-45b7-b429-3a5f3d9407b2,drawer.download,available,5.25,6.25,high,low,6,namesilo,,,24/09/2026 23:56
d506f0d4-e636-475d-9f49-3fb263b10e2d,bleeder.download,available,5.25,6.25,medium,low,7,namesilo,,,24/09/2026 05:24
a5fa6847-0272-4737-98c4-df435807c0fa,duties.download,available,4.18,5.18,medium,low,6,cloudflare,,,27/09/2026 22:05
0946c49a-3570-4fab-9724-f027374eb192,parvati.download,available,5.98,9.98,high,low,7,namecheap,,,19/09/2026 02:21
c88c74cb-60a3-4f2b-82b0-eae75e912bd2,fugo.download,available,5.25,6.25,medium,low,4,namesilo,,,21/09/2026 23:09
ea7b8fe5-3da7-428d-84f7-d705c008618b,establishments.download,available,5.25,6.25,low,low,14,namesilo,,,
472ff03e-ca0d-45fb-a4f2-b96f7f6ceec2,red.download,premium,640,77.35,high,medium,3,namesilo,,,22/09/2026 22:22
14cc81ea-280d-4085-99ad-52fe8414f7d2,basset.download,available,5.25,6.25,medium,low,6,namesilo,,,22/09/2026 12:10
851fad97-dade-4073-9819-9345e67e9ef6,eroding.download,available,5.25,6.25,medium,low,7,namesilo,,,13/09/2026 09:08
18b1956e-7e65-407d-ba3f-0990c05ca3ef,geometry.download,premium,362.45,51.95,high,low,8,spaceship,,,29/09/2026 20:49
3abdf54a-d361-4006-9cdf-d6b75a5c94bc,sexton.download,premium,455,65,medium,low,6,namecheap,,,19/09/2026 10:22
473928f8-6dcf-4d23-a869-61ed62b2f836,credulous.download,available,5.25,6.25,medium,low,9,namesilo,,,13/08/2026 05:56
cd778cd9-7cea-47ff-b9d5-b79f26080d3a,monition.download,available,5.25,6.25,medium,low,8,namesilo,,,17/09/2026 09:04
38007331-1d16-4ba7-9687-6989e4381173,vise.download,premium,455,65,high,low,4,namecheap,,,23/09/2026 07:37
ff8ca8d6-1405-42f3-9649-4bf3e6fc9b02,illogical.download,available,5.25,6.25,medium,low,9,namesilo,,,14/08/2026 11:22
9ac5502d-4fae-4aa5-b3b4-8b7cda6170b2,voluminous.download,available,5.25,6.25,high,low,10,namesilo,,,13/08/2026 00:30
d70aacb5-cdb7-4313-afa3-2f93c621a78f,agriculture.download,available,4.48,5.55,high,low,11,dynadot,,,29/09/2026 10:29
c8b94449-886f-42b6-94a1-11a2adc9d740,amherst.download,premium,448,53.92,high,low,7,namesilo,,,25/09/2026 12:38
b367f0eb-8a93-4fb5-9497-c926ba76fd56,flood.download,premium,362.45,51.95,high,low,5,spaceship,,,29/09/2026 13:53
e9fce910-6a10-41cc-accd-4075f9419b7f,applet.download,premium,455,65,high,low,6,namecheap,,,19/09/2026 21:38
254db271-da3f-468d-8bf9-5326b10a8ae4,hymie.download,available,5.25,6.25,high,medium,5,namesilo,,,10/09/2026 06:16
76bbaca0-f321-4f31-9602-82ec3907a6c9,fungus.download,available,5.98,9.98,high,low,6,namecheap,,,28/09/2026 14:14
f229b9cd-3cda-4cbe-9a06-c9522ee0ce68,overside.download,available,5.25,6.25,medium,low,8,namesilo,,,15/09/2026 18:29
c62a3b9c-3ab5-4a21-8c0e-67bfd3263e57,travelled.download,available,5.25,6.25,high,low,9,namesilo,,,28/09/2026 09:32
5a004308-594f-464f-8546-bac8332d354f,chosen.download,premium,437.5,62.5,high,low,6,name.com,,,16/08/2026 02:32
7f629991-8bdc-46f0-ad44-56bf8fcbf6d1,abort.download,available,5.25,6.25,high,low,5,namesilo,,,16/09/2026 16:38
d73b8534-4d78-49e7-9e53-858a9054899d,unclipped.download,available,5.25,6.25,medium,low,9,namesilo,,,12/09/2026 05:25
6e8324c8-bf41-41df-9c31-bd9f95242a40,thence.download,available,5.25,6.25,medium,low,6,namesilo,,,15/09/2026 00:13
21a8818b-292c-4ac2-bb24-e71b2860ca34,beaten.download,available,5.25,6.25,medium,low,6,namesilo,,,09/08/2026 05:47
1e7c19b7-7861-4b63-b060-b95bc8889d2f,commutable.download,available,5.98,9.98,high,low,10,namecheap,,,12/08/2026 19:17
6433ae8d-0c96-46a3-87af-24c89d146442,cemetery.download,premium,382.61,55.11,high,low,8,porkbun,,,27/09/2026 12:06
aa5e9ff2-fb3f-4771-a161-939b155e6c29,unwonted.download,available,5.25,6.25,low,low,8,namesilo,,,12/09/2026 22:48
80f5254f-9ab7-431a-bbda-e3173344b16a,notebooks.download,available,5.25,6.25,medium,low,9,namesilo,,,20/09/2026 11:51
14715a2f-bdb2-4e59-bdd9-00837c112d66,stripper.download,premium,382.61,55.11,high,low,8,porkbun,,,29/09/2026 06:42
6ea4fee4-26de-487c-bd4f-bf535083db38,harding.download,premium,455,65,high,low,7,namecheap,,,28/09/2026 19:24
f71f66dd-5735-4d27-ac61-9b54397ecac5,weaned.download,available,5.25,6.25,medium,low,6,namesilo,,,13/09/2026 08:53
3fb82a4c-280a-4cf3-8100-2785533739ea,juliet.download,premium,455,65,high,low,6,namecheap,,,28/09/2026 03:46
1c7a7f6f-fb0d-4d50-ae28-ff21d6edc2e7,atmospheric.download,premium,385,55,high,low,11,dynadot,,,29/09/2026 21:02
c5a32ce7-17e8-47ee-9aec-2a76c741da03,pilgrimage.download,available,4.32,5.35,high,low,10,spaceship,,,29/09/2026 20:00
a5daf51a-c7c2-49ff-b212-55ba6e169bd9,bassinet.download,available,5.25,6.25,medium,low,8,namesilo,,,22/09/2026 12:23
f2c65145-8916-45ff-8cd5-03892aee5245,gypsy.download,premium,437.5,62.5,high,low,5,name.com,,,10/08/2026 17:21
4a2875df-9580-4e76-9c6f-adf4e31b20f2,announced.download,available,5.25,6.25,high,low,9,namesilo,,,22/09/2026 05:10
88fcf5cb-1d04-4fd6-84b4-1dd3d53b2a36,navarino.download,premium,448,53.92,medium,low,8,namesilo,,,22/09/2026 15:32
16ffe60e-8033-49ec-9eb1-7b0e533b3050,vegetables.download,premium,455,65,high,low,10,namecheap,,,16/09/2026 12:36
2e0a96e0-62a8-49b3-839f-979224a07f15,awl.download,premium,640,77.35,high,low,3,namesilo,,,21/09/2026 10:07
d4ffe3e5-0411-4016-a83c-997941af60e1,chromatic.download,premium,437.5,62.5,high,low,9,name.com,,,12/08/2026 07:22
4cf2ffa9-376b-4266-9ff4-f20a3d1d03cf,acetamide.download,available,5.25,6.25,medium,low,9,namesilo,,,16/09/2026 23:49
6357f9e0-2122-4bd2-b0a2-1e63359d5b6e,relationships.download,available,5.98,9.98,medium,low,13,namecheap,,,17/09/2026 20:15
7b197413-91ea-4646-8367-f3bf7eb1aabc,belatedly.download,available,5.98,9.98,medium,low,9,namecheap,,,22/08/2026 20:25
14c899e4-2513-417b-b782-9a61aa878a20,collect.download,premium,437.5,62.5,high,low,7,name.com,,,12/08/2026 15:03
49caaebb-b64e-496b-b960-06e094170d3b,curtains.download,premium,,,medium,low,8,,,,28/09/2026 23:24
743f27a8-dd21-4238-ae07-03c43614be91,unparallel.download,available,5.25,6.25,medium,low,10,namesilo,,,12/09/2026 16:27
debc9628-ce42-4348-ab6a-084d48ca5af4,proceeding.download,available,4.32,5.35,medium,low,10,spaceship,,,28/09/2026 10:14
5eea4d93-1f09-47e7-82af-c41a8d074499,vacuum.download,premium,448,53.92,high,low,6,namesilo,,,29/09/2026 23:00
db919969-7ebb-4951-8c15-ed037ed8a6d8,ornate.download,available,5.98,9.98,high,low,6,namecheap,,,04/09/2026 17:59
c521e928-d39e-4b91-8457-73e5cfbdfb13,miserable.download,available,5.25,6.25,high,low,9,namesilo,,,
901293fa-4e17-4979-b4ae-4fa94d549b0d,leger.download,premium,448,53.92,medium,low,5,namesilo,,,16/09/2026 23:07
801f7fd5-c148-463d-b184-f343e6ff828b,derriere.download,available,5.25,6.25,medium,low,8,namesilo,,,09/08/2026 11:55
c7bf49d7-92cf-4933-a362-8b1bce5ca26c,granola.download,premium,437.5,,high,low,7,name.com,,,29/09/2026 21:28
2b8f9b7d-e5fc-4c50-9992-10d218f519cf,acarus.download,available,5.98,9.98,medium,low,6,namecheap,,,16/09/2026 21:38
817ebf8c-e515-4a7d-b7ea-bc5f12c1addc,auricle.download,available,5.25,6.25,medium,low,7,namesilo,,,21/09/2026 00:43
4313e1f9-7262-4907-b366-b572bfee25d5,historic.download,premium,437.5,62.5,high,low,8,name.com,,,21/08/2026 09:51
0a370e8b-07d0-4a4e-bfaf-ffb4bef890f6,redness.download,available,5.25,6.25,high,medium,7,namesilo,,,09/09/2026 12:08
91d3ffcc-4cee-4d89-bc75-015b73d567e2,exempt.download,premium,437.5,62.5,high,low,6,name.com,,,17/08/2026 17:02
fac79328-17a6-4057-b8bb-d7ce23493703,hurrying.download,available,5.25,6.25,high,low,8,namesilo,,,21/08/2026 15:47
57dc5a04-316b-42bb-a7f1-51a66cef0981,rapacious.download,available,5.25,6.25,medium,low,9,namesilo,,,15/08/2026 05:26
d6e8e0f2-1945-43c6-bbe2-2959aeaf35cd,virile.download,premium,448,53.92,high,low,6,namesilo,,,13/09/2026 06:04
6a83b0d2-5694-4c99-bd8e-0652b24e8f0c,seagoing.download,available,5.25,6.25,medium,low,8,namesilo,,,04/09/2026 00:24
93a5480c-9e15-4e1d-b9e9-6a2d9b668db9,accursed.download,available,5.25,6.25,medium,low,8,namesilo,,,
e521f795-ef67-4a02-8145-df24461738d8,processing.download,premium,448,53.92,high,low,10,namesilo,,,28/09/2026 15:08
418f85f3-63c9-4df8-8c00-89c2f5c77fa8,kursk.download,available,4.18,5.18,medium,low,5,cloudflare,,,30/09/2026 02:07
f2191be3-79a7-427f-b5b0-4260f1598076,rubbery.download,available,5.98,9.98,medium,low,7,namecheap,,,20/08/2026 20:09
c9c43765-2c75-4384-bc4f-5c58041ec72f,untold.download,premium,448,53.92,high,low,6,namesilo,,,12/09/2026 21:37
b5e4ced4-2d47-4968-a84a-1c0e317c95ce,cleaned.download,available,5.25,6.25,high,low,7,namesilo,,,27/09/2026 02:45
3e16f498-a535-45b6-943e-5af4b4ea69cf,cooke.download,premium,448,53.92,high,low,5,namesilo,,,18/09/2026 06:21
63708f0f-b253-4d7f-9603-384c10957a24,contestant.download,premium,437.5,62.5,medium,low,10,name.com,,,14/08/2026 12:45
80d9e282-daf7-4a9c-ad1b-625bdae35c9a,toughest.download,available,4.48,5.55,medium,low,8,dynadot,,,30/09/2026 00:39
de945ad5-d996-4e15-aa27-d8bbe711c9d1,wagner.download,premium,362.45,51.95,high,medium,6,spaceship,,,28/09/2026 20:05
cfb136c2-77e9-4007-835b-fea27b3ffacd,beechnut.download,premium,437.5,62.5,medium,low,8,name.com,,,23/09/2026 00:13
40e98d70-8290-4a9c-9209-93af79725375,transfixed.download,available,5.25,6.25,medium,low,10,namesilo,,,17/08/2026 22:56
8319b79a-92f1-49c6-bf2f-dd75a511c9ed,asanga.download,available,5.25,6.25,medium,low,6,namesilo,,,20/09/2026 12:49
9e18b12f-06e2-4773-9f4b-d874a8f702f6,greenish.download,available,34.99,37.99,medium,low,8,name.com,,,13/08/2026 18:01
5d410d33-45b9-41f0-bec1-bf94cf0bc3d3,irony.download,premium,448,53.92,high,low,5,namesilo,,,24/09/2026 13:17
95c019db-38a3-4c0c-a1cc-d5afc0bed4b2,inmate.download,premium,455,65,high,low,6,namecheap,,,24/09/2026 18:00
82608587-eaf8-4f23-a0f9-1067d9a0ede2,autolytic.download,available,5.25,6.25,medium,low,9,namesilo,,,07/08/2026 20:42
24601c89-442a-4262-aa53-df718bb00f85,ellington.download,premium,448,53.92,high,low,9,namesilo,,,28/09/2026 09:32
c02ed110-07f8-4390-b712-ef3fd0db6af5,brimful.download,available,5.25,6.25,high,low,7,namesilo,,,11/08/2026 04:08
1f034791-25bf-4a3e-83c1-54487e074831,defender.download,premium,,,high,low,8,,,,28/09/2026 18:56
3d24fd09-409d-4b23-8591-b6542cfec038,astarte.download,available,5.25,6.25,medium,low,7,namesilo,,,20/09/2026 14:01
4539b4ea-466b-4c4e-a31f-f2695368a7af,deccan.download,available,5.25,6.25,medium,low,6,namesilo,,,29/09/2026 23:43
06a4e431-d9d8-4a37-8b09-b2704bbc3cc1,unspotted.download,available,5.98,9.98,medium,low,9,namecheap,,,12/09/2026 20:15
604f9438-6b47-4952-b383-a9bffa9ba49d,adhere.download,premium,448,53.92,high,low,6,namesilo,,,23/09/2026 17:04
04ab6831-f228-4218-8b93-cf3b288f9beb,mcneil.download,premium,362.45,51.95,high,medium,6,spaceship,,,28/09/2026 17:55
ece19910-a46a-42ec-aeae-4dce53af909c,seductive.download,premium,448,53.92,high,low,9,namesilo,,,10/09/2026 01:39
e3a90255-043c-45fd-8941-00c4301d9fd6,belfry.download,available,5.25,6.25,high,low,6,namesilo,,,23/09/2026 04:56
b68cc109-1a85-490f-893d-099d7000d219,wired.download,premium,448,53.92,high,low,5,namesilo,,,27/09/2026 08:11
79959389-141c-4bde-84fd-3ce11464612f,exactly.download,available,5.98,9.98,high,low,7,namecheap,,,26/09/2026 00:15
6697c2f6-1760-481f-90da-777394f408ca,touchy.download,available,5.25,6.25,medium,low,6,namesilo,,,21/08/2026 14:42
2f2fcf51-2412-4589-815b-9c1a0ccd42b8,bailor.download,available,5.98,9.98,medium,low,6,namecheap,,,21/09/2026 19:14
2293ef8b-eb86-499a-87e4-e84597c1e179,chang.download,premium,362.45,51.95,high,medium,5,spaceship,,,28/09/2026 09:21
83af243c-8ee4-44bd-ad72-e3e14f5ce9b7,norseman.download,premium,448,53.92,high,low,8,namesilo,,,03/09/2026 21:43
1f633bf3-0a5e-4a73-b640-8f9d87a87ec5,transitive.download,available,5.98,9.98,high,low,10,namecheap,,,11/09/2026 18:55
1d2d43cd-a503-45b3-977e-cce432983e29,dim.download,premium,625,81.25,high,low,3,name.com,,,10/08/2026 13:58
b8929567-d592-4f4e-b99b-3b8633d822ef,retained.download,available,4.32,5.35,high,low,8,spaceship,,,27/09/2026 13:05
b62e2a92-2a8e-40c8-a0b6-c707a2ab52d1,serb.download,premium,448,53.92,high,low,4,namesilo,,,10/09/2026 04:35
fd596ebe-e7f1-46c2-a841-b7debe3d9f80,verbalize.download,available,5.25,6.25,high,low,9,namesilo,,,13/09/2026 00:14
2964c767-7855-486d-ad08-e267c9074e83,austerity.download,premium,448,53.92,medium,low,9,namesilo,,,21/09/2026 04:40
e5269a8a-b0ae-4e8d-a690-c494f4f885d7,rumination.download,available,5.25,6.25,medium,low,10,namesilo,,,03/09/2026 11:31
490474c6-cb3e-47a7-ad0a-ba924c4f74e1,richly.download,available,5.25,6.25,high,low,6,namesilo,,,13/09/2026 19:38
73cba09c-ef37-4dd8-ba3d-ec8dacfda86c,methodical.download,available,5.25,6.25,high,low,10,namesilo,,,24/08/2026 21:56
d6f80762-0640-4d7a-87ef-387d63501ece,slapstick.download,premium,448,53.92,high,low,9,namesilo,,,10/09/2026 10:03
ec2b438c-ecc0-4e3d-81e0-9987134123e9,asl.download,premium,650,84.5,high,low,3,namecheap,,,18/09/2026 20:39
6ce965e6-f1b2-41ec-bea7-7e1ac9768308,religious.download,available,5.25,6.25,high,low,9,namesilo,,,09/09/2026 13:37
bfd6a70d-8e43-483f-a6c7-863832f23704,seems.download,premium,448,53.92,medium,low,5,namesilo,,,18/09/2026 01:08
d44a0c68-abbd-4f8d-bfc7-a291da9cd851,overpriced.download,available,5.98,9.98,medium,low,10,namecheap,,,04/09/2026 21:26
c95c3e16-0532-42c2-aa0f-383cb29ceff5,weakening.download,available,34.99,37.99,medium,low,9,name.com,,,13/08/2026 20:44
1c7fd939-0dae-4f33-86e1-e007344abb4d,ecological.download,available,5.98,9.98,high,low,10,namecheap,,,29/09/2026 21:02
70284fbb-01ef-43d2-a5ad-686095f65f4a,technique.download,premium,6900,116,high,low,9,namesilo,,,28/09/2026 08:09
59e39de7-6ac2-41dd-aeb8-9dc501e482c8,hebei.download,available,4.48,5.55,high,low,5,dynadot,,,30/09/2026 01:51
29b0a40c-555d-4024-a06d-becd9056863f,verdun.download,available,5.25,6.25,medium,low,6,namesilo,,,22/09/2026 16:19
7c7105f4-680f-424c-9d6d-fce05af09c69,unexcited.download,available,5.25,6.25,medium,low,9,namesilo,,,12/09/2026 09:30
5eef696e-37f1-488c-8a93-f029ac5c046b,ruinous.download,available,5.25,6.25,medium,low,7,namesilo,,,10/08/2026 13:28
33b9868e-c8f9-4b1e-af00-f5006934bd48,constable.download,available,5.25,6.25,high,low,9,namesilo,,,24/09/2026 17:31
fcea33ea-a74e-483c-972e-7ece4ca249cb,derived.download,available,5.25,6.25,medium,low,7,namesilo,,,14/08/2026 03:07
47331159-3427-4394-8a96-bd2ca38ee028,carried.download,available,5.25,6.25,medium,low,7,namesilo,,,25/09/2026 17:00
0b27cdb5-3eaa-4430-864a-baf9c5f7c168,gelatinous.download,available,5.98,9.98,medium,low,10,namecheap,,,18/08/2026 21:01
04b2042c-f47f-4ced-8f72-4d962538f8b0,anxious.download,available,5.25,6.25,high,low,7,namesilo,,,27/09/2026 21:59
361447c4-45e1-4ab5-bea2-c42f99102e7b,uncle.download,premium,437.5,,high,low,5,name.com,,,
36c2ad9d-81a6-4566-a9b2-73cacafe2336,dunlap.download,available,5.25,6.25,medium,low,6,namesilo,,,28/09/2026 12:20
e5312344-4805-4cdc-bffc-a6a113e97be6,infidel.download,premium,437.5,62.5,medium,low,7,name.com,,,18/08/2026 21:58
b7012c9b-515c-4540-aa41-f9a7801e597d,foregone.download,available,5.25,6.25,medium,low,8,namesilo,,,11/08/2026 12:10
f8c5e1ca-6d0f-4d25-9559-a1584bc415d4,used.download,premium,116,29.5,high,low,4,namesilo,,,25/09/2026 07:44
82a0bd9c-626a-44a8-8dba-94921e79006b,ssw.download,premium,650,84.5,high,low,3,namecheap,,,16/09/2026 05:21
15da90dc-82d4-499a-b6a0-db6d6c9c37f3,mickey.download,premium,448,53.92,high,low,6,namesilo,,,25/09/2026 09:22
6381e099-10c7-4f7c-b021-f7f3c0e0f911,sculpture.download,premium,125,37.99,high,low,9,name.com,,,20/08/2026 18:45
b97df14d-1d36-451f-8f75-df00236837ea,interrupt.download,premium,437.5,62.5,high,low,9,name.com,,,13/08/2026 12:38
7d26ee3e-9a25-4ab1-bc00-a99442123df5,willamette.download,premium,,,medium,low,10,,,,27/09/2026 16:20
681551f5-c572-49c7-9283-fc07ab34a996,abyss.download,premium,448,53.92,high,low,5,namesilo,,,16/09/2026 19:43
5882acdf-0eb8-4222-b68a-878d38f303be,true.download,premium,650,84.5,high,medium,4,namecheap,,,24/09/2026 04:47
881365bf-5a03-4191-a500-4c34e70f29e5,salvation.download,premium,382.61,55.11,high,low,9,porkbun,,,28/09/2026 03:00
feb66c8f-8204-42b1-8f0a-8ff08621851f,tones.download,premium,116,29.5,high,low,5,namesilo,,,29/09/2026 10:44
568e6a80-d5aa-4de0-af0c-bca912cb284a,darkness.download,premium,437.5,62.5,high,low,8,name.com,,,13/08/2026 17:53
8d5f7242-879b-4c21-91dc-def706e0d30e,purchased.download,premium,362.45,51.95,low,low,9,spaceship,,,28/09/2026 17:30
ef5239ae-c488-441b-907d-8db532f7db34,priestley.download,available,5.25,6.25,medium,low,9,namesilo,,,29/09/2026 07:23
d41b65af-05a3-48ff-88be-24b89b44b8cf,savoury.download,available,5.25,6.25,high,low,7,namesilo,,,25/08/2026 08:52
c3cd6528-5a2a-411e-8824-d31e8702ae37,multilevel.download,premium,448,53.92,medium,low,10,namesilo,,,03/09/2026 10:46
59c016c5-3534-4e1c-bff0-f9dcdbce44df,undaunted.download,premium,448,53.92,high,low,9,namesilo,,,12/09/2026 07:00
174fc8e7-3215-45d3-91f2-894203326c74,rebels.download,premium,362.45,51.95,medium,low,6,spaceship,,,28/09/2026 08:52
6568d10e-56f9-4c51-9c54-532cb840f39f,increasing.download,available,5.25,6.25,high,low,10,namesilo,,,25/09/2026 08:12
113ef6ae-a29f-478d-9c72-de42624cbccb,decency.download,available,4.32,5.35,high,low,7,spaceship,,,29/09/2026 06:36
64c20023-b2dd-4afa-a59f-453da72f0dd5,endowed.download,available,5.25,6.25,high,low,7,namesilo,,,17/08/2026 01:23
a3a3fbe5-1118-4992-bbaf-940978763521,cinematic.download,premium,437.5,62.5,high,low,9,name.com,,,12/08/2026 08:13
69fc1d32-db67-40ef-ac98-5e5afee8f6b3,holistic.download,premium,437.5,62.5,high,low,8,name.com,,,21/08/2026 10:30
e49f59a8-9ad0-4dc5-a494-b0e3065dda6e,xcii.download,available,5.98,9.98,medium,low,4,namecheap,,,
b2d567f1-9dfa-4d42-8ba7-a318eab5575e,tillable.download,available,5.25,6.25,medium,low,8,namesilo,,,06/08/2026 11:25
701d2df1-7aeb-4ffe-bd68-fad22ee4a062,lucius.download,available,5.25,6.25,high,low,6,namesilo,,,25/09/2026 15:11
4253a98e-9463-46e9-b592-9cb1e89fbc2f,adjective.download,premium,437.5,62.5,high,low,9,name.com,,,
40f3c3a4-395d-414b-8b52-76e73fd721e0,civilians.download,available,4.61,5.64,medium,low,9,porkbun,,,28/09/2026 05:06
6452ced9-2c79-4324-bcc0-be59f9e7b96f,asdic.download,available,5.25,6.25,medium,low,5,namesilo,,,20/09/2026 13:30
096a25cf-d642-4cec-8a4e-0b9fc97ac835,teamwork.download,premium,437.5,,high,low,8,name.com,,,
4447af84-654d-4541-9812-589fa4f990cd,quarter.download,available,4.48,5.55,high,low,7,dynadot,,,28/09/2026 00:50
d4704adc-bd5d-423d-a442-889c9ad32057,son.download,premium,650,84.5,high,low,3,namecheap,,,25/09/2026 09:05
057375bc-3fd9-416f-8340-72a4b0b98e40,bisayan.download,available,5.98,9.98,medium,low,7,namecheap,,,23/09/2026 21:29
76224cae-8b9e-4867-ae52-bc05b4ab969d,acrylic.download,available,5.25,6.25,high,low,7,namesilo,,,17/09/2026 04:05
71b82be2-33e4-4aed-a3a2-9f8e22e11d10,avaricious.download,available,5.25,6.25,medium,low,10,namesilo,,,07/08/2026 21:48
ec52feb3-3d81-4ba5-a10f-cf269594d7bc,apartheid.download,available,5.25,6.25,medium,low,9,namesilo,,,19/09/2026 16:15
ff452860-9f3b-42b9-89b4-2b62174e0a19,prudential.download,premium,448,53.92,high,medium,10,namesilo,,,09/09/2026 04:48
072f4e93-c6a3-4923-bcc8-0bf4b641a0cd,attribute.download,premium,455,65,high,low,9,namecheap,,,21/09/2026 02:16
52731015-ae20-4f73-bac1-254a91e19c9f,enlist.download,available,5.25,6.25,high,low,6,namesilo,,,29/09/2026 20:42
2710127b-72de-4320-8e82-0f9ad03e2cf9,amex.download,premium,448,53.92,high,high,4,namesilo,,,18/09/2026 20:44
71ef5028-6f01-4f36-97a3-771c31340ae3,bromide.download,available,5.98,9.98,medium,low,7,namecheap,,,12/08/2026 19:15
683b429e-84a7-4edb-b8fb-cbbe6606a4de,visconti.download,premium,,,medium,low,8,,,,30/09/2026 01:25
604ca770-246b-4f6a-816c-1ac4f562e97e,orientation.download,premium,448,53.92,high,low,11,namesilo,,,28/09/2026 22:40
ddae06f5-b293-4a23-b7ac-837620c513d0,spectra.download,premium,455,65,high,low,7,namecheap,,,18/09/2026 20:18
ba601f5c-6fa5-45b9-a8ad-37ae1b4993e0,sectional.download,available,5.25,6.25,medium,low,9,namesilo,,,10/09/2026 01:18
e8e97ec2-93ec-41cc-80d0-b08ecedcab7a,biting.download,available,5.25,6.25,high,low,6,namesilo,,,08/08/2026 16:41
9a0f5e74-4b60-426f-8fce-37bc92160412,protester.download,premium,437.5,62.5,medium,low,9,name.com,,,14/08/2026 12:41
af227694-1f6f-4328-a5de-a0080b5fceff,organised.download,available,5.25,6.25,high,low,9,namesilo,,,26/09/2026 00:28
21866461-d1a2-4b44-b19f-add7f62f7d55,cerebellar.download,available,5.25,6.25,medium,low,10,namesilo,,,12/08/2026 00:28
b31ec35c-63a9-4787-b38e-485b05bea685,huntington.download,premium,455,65,high,low,10,namecheap,,,25/09/2026 04:18
2d5c634e-23d8-41bb-bce3-f5b762c65b5e,algology.download,available,5.25,6.25,medium,low,8,namesilo,,,18/09/2026 07:09
920491b8-2b0c-4935-a67a-0d8c0d1470cf,quantized.download,available,5.25,6.25,medium,low,9,namesilo,,,09/09/2026 07:30
68577269-8a31-47dc-892d-00fd2dd75f2f,conventional.download,available,5.25,6.25,high,low,12,namesilo,,,28/09/2026 11:12
61e3c0fc-329a-48db-b31d-17b318af83a9,balbriggan.download,available,5.98,9.98,medium,low,10,namecheap,,,21/09/2026 21:25
508d4491-95cc-41f5-bf11-a37c4bf0a33b,rectify.download,premium,448,53.92,high,low,7,namesilo,,,23/09/2026 23:41
6d8609a2-2c8b-4fc6-9755-7cb1a6334d19,benison.download,available,5.25,6.25,high,low,7,namesilo,,,23/09/2026 08:11
12573de4-d105-4891-8c6d-a48012e1fe6d,traduce.download,available,5.25,6.25,medium,low,7,namesilo,,,24/08/2026 14:06
f7953805-d568-4950-b8fd-c669c0c1c695,arabis.download,available,5.98,9.98,medium,low,6,namecheap,,,19/09/2026 23:33
efaadc60-9fa2-46e1-acfc-997dbaaa6ced,hairy.download,premium,116,29.5,high,low,5,namesilo,,,24/09/2026 23:10
2c27abfe-fa5f-490e-9bfd-2fdbf7e1c960,amaethon.download,available,5.25,6.25,low,low,8,namesilo,,,18/09/2026 15:34
3873f466-2a56-4329-b09b-08ad1bf5fb4d,gambian.download,available,5.25,6.25,medium,low,7,namesilo,,,18/08/2026 19:48
d985a4ac-6010-499d-b12c-afebcd995bbc,tuppeny.download,available,5.25,6.25,medium,low,7,namesilo,,,10/09/2026 09:12
9070a7a7-4ebe-4a05-9db3-82c8ee72a1c7,foes.download,available,5.25,6.25,low,low,4,namesilo,,,18/09/2026 06:38
0ec4200f-df1b-4bbe-8e06-5aa74aaf9d52,ivan.download,premium,448,53.92,high,low,4,namesilo,,,25/09/2026 12:04
1a07dbd6-e3fb-4c89-b88d-f0adc42e3214,experiencing.download,available,4.32,5.35,high,low,12,spaceship,,,28/09/2026 13:20
a3577ecd-705a-4ff6-85e1-d094fcaae523,bel.download,premium,640,77.35,high,low,3,namesilo,,,23/09/2026 04:21
9f9017f7-f399-450b-94d7-172f28ded65e,branson.download,premium,362.45,51.95,high,low,7,spaceship,,,29/09/2026 17:54
9ff0a544-f250-46c4-ad0a-e1ff94b331a7,bayer.download,premium,437.5,,high,medium,5,name.com,,,28/09/2026 17:45
d7359dab-4274-4d61-ba43-e6fdd1fac15a,corners.download,premium,362.45,51.95,low,low,7,spaceship,,,28/09/2026 08:44
68afe18e-a7d6-4425-a824-7bfac4e8b0a7,bandsaw.download,available,5.25,6.25,high,low,7,namesilo,,,22/09/2026 00:49
b822978a-fddb-4691-ba6a-b92764738351,thinks.download,available,5.25,6.25,high,low,6,namesilo,,,18/09/2026 15:23
705027dd-bfc6-4554-91c1-b87bbf64eb40,fdic.download,premium,,,medium,low,4,,,,30/09/2026 01:36
78875b23-cd0e-435e-bbd1-7cb01001e0a2,bulk.download,premium,640,77.35,high,low,4,namesilo,,,29/09/2026 05:21
a564fd8e-a5f6-4512-b709-7c146c620500,chickpea.download,premium,448,53.92,high,low,8,namesilo,,,24/09/2026 14:29
3c455ced-fa20-4d26-b988-825e476feaa9,claus.download,available,5.25,6.25,medium,low,5,namesilo,,,27/09/2026 02:28
d9fa8ec9-3ab1-442a-96b5-250255923b02,reference.download,premium,517.7,67.48,high,low,9,spaceship,,,28/09/2026 18:25
73667587-992a-4760-9cf5-f9df3ca93665,provision.download,premium,437.5,,high,low,9,name.com,,,
5b8ba7ad-6d02-46ea-8834-b7c17cb8534b,bucks.download,premium,116,29.5,high,low,5,namesilo,,,25/09/2026 13:26
56dc42e8-8af1-4845-9a46-9bdde26855a7,slivery.download,available,5.25,6.25,medium,low,7,namesilo,,,10/09/2026 11:13
b7d28beb-bc47-4cd1-acdb-dde8eb6607a1,hump.download,premium,13800,116,high,low,4,namesilo,,,24/09/2026 11:03
f9b7e138-bd55-43db-a2cc-5069c15a6e40,bellwether.download,premium,448,53.92,high,low,10,namesilo,,,23/09/2026 06:30
1062e175-31f6-41e2-83f5-58e0c34401eb,nonlethal.download,available,5.25,6.25,medium,low,9,namesilo,,,03/09/2026 19:40
95941352-5c00-486c-b791-18c982057b3c,dickinson.download,premium,448,53.92,high,low,9,namesilo,,,25/09/2026 04:53
5f207fe3-210b-466b-bf0b-58be47f8be8e,engulf.download,premium,455,65,medium,low,6,namecheap,,,10/09/2026 19:51
3777bcbf-2188-403d-97f1-d730fe1e1b02,glamorous.download,premium,437.5,62.5,high,low,9,name.com,,,19/08/2026 00:15
e3f70d30-d033-4df4-8fe5-3561610185a6,wrote.download,available,5.25,6.25,medium,low,5,namesilo,,,
7463d9b4-80cf-43d2-bb0a-4ccbe65bc071,tis.download,premium,640,77.35,high,low,3,namesilo,,,29/09/2026 23:40
12aa9fa4-c2ac-4585-aaef-dd40358f66d4,applesauce.download,premium,455,65,high,low,10,namecheap,,,19/09/2026 21:26
257257df-c93b-4e8d-9534-824167004e06,sterling.download,premium,455,65,high,low,8,namecheap,,,10/09/2026 20:14
e2bcef76-c18a-489f-a8b7-dfea42db3e48,construction.download,available,5.25,6.25,high,low,12,namesilo,,,
a82b7dbd-2e90-441f-97e1-da600ade2cda,temporarily.download,available,5.25,6.25,medium,low,11,namesilo,,,
305972b1-34b5-4a72-b6dd-f7998d8ec0da,benefit.download,premium,448,53.92,high,low,7,namesilo,,,23/09/2026 07:55
3fd5168e-daad-4229-82de-0cc471aa7cfc,arrives.download,available,5.25,6.25,medium,low,7,namesilo,,,20/09/2026 01:05
468b41b9-fa06-49fe-8e73-1be9d783b142,resists.download,available,5.25,6.25,medium,low,7,namesilo,,,18/09/2026 10:58
7d74694c-9517-4418-a9a5-c65d9dcfa76f,enrico.download,premium,448,53.92,medium,low,6,namesilo,,,28/09/2026 13:31
51e706bd-a981-486a-94ce-efdbb44aa81e,spay.download,available,5.25,6.25,medium,low,4,namesilo,,,03/09/2026 16:33
b16e4353-3dc9-4856-9c05-b06d626598b3,orphan.download,premium,437.5,,high,low,6,name.com,,,
2867c8b8-1069-4567-b56d-ab88d2ed00e1,prettily.download,available,5.98,9.98,medium,low,8,namecheap,,,15/09/2026 21:22
9b3b7ad7-98ff-4d9b-ab10-b0a0d7d6deab,upstair.download,available,5.25,6.25,medium,low,7,namesilo,,,12/09/2026 23:20
9dc04480-d178-4328-aece-c39a9dfd5fa3,dated.download,available,34.99,37.99,medium,low,5,name.com,,,13/08/2026 18:40
2027ebd1-8647-4060-acc7-56550f478869,crash.download,premium,362.45,51.95,high,low,5,spaceship,,,29/09/2026 09:51
8b0413dd-bf06-4b4e-a177-60ce34d68b13,swimwear.download,available,5.25,6.25,high,low,8,namesilo,,,22/09/2026 13:39
28d5e805-89c6-48e2-97cb-739b4b7321f1,heroin.download,premium,455,65,high,low,6,namecheap,,,24/09/2026 22:03
b319c4cf-828b-4a56-92fe-2cb6d97e399e,aster.download,premium,448,53.92,high,low,5,namesilo,,,20/09/2026 16:56
6f88ca48-e3f4-470a-a7cd-b03e7cbc927c,changeling.download,available,5.98,9.98,medium,low,10,namecheap,,,21/08/2026 20:30
9a67367b-d748-402c-9236-9921a3cac9da,refusing.download,available,5.25,6.25,low,low,8,namesilo,,,17/09/2026 15:40
3f19994d-1f13-4f9b-9b4e-44bb80a69d54,archer.download,premium,448,53.92,high,low,6,namesilo,,,20/09/2026 01:54
038a64dc-e4b7-486a-a6d7-fcb36f718531,foppish.download,available,34.99,37.99,medium,low,7,name.com,,,13/08/2026 17:05
fe4c7ec0-02a5-4535-9e28-e52af0ba6f39,woody.download,premium,437.5,62.5,high,low,5,name.com,,,06/08/2026 13:08
e3d52cf8-25f7-4ecd-945b-05ea2d490fe1,scarecrow.download,premium,448,53.92,high,low,9,namesilo,,,23/09/2026 19:41
e82d4829-1521-45f1-9ef0-aaecbbef44d7,washout.download,premium,437.5,62.5,medium,low,7,name.com,,,14/08/2026 20:57
5fa23a20-36ca-40a8-835f-8334f29f13aa,mast.download,premium,362.45,51.95,high,low,4,spaceship,,,29/09/2026 19:37
b2cc0d43-a8b4-4095-a118-372a78f17501,crosses.download,available,4.18,5.18,medium,low,7,cloudflare,,,28/09/2026 17:44
96911ee3-2a0c-495e-bc36-8fafce9121b4,moonstruck.download,premium,437.5,62.5,medium,low,10,name.com,,,24/08/2026 11:18
5af4a011-cbab-4391-9ea3-65eeec33cb98,wobbling.download,available,5.25,6.25,high,low,8,namesilo,,,13/09/2026 12:52
e666845d-6b48-430d-b68b-b6d7a3fdda0c,indignant.download,premium,437.5,62.5,medium,low,9,name.com,,,22/08/2026 00:59
af526342-ffb9-4e3a-9b1c-bbfe07291d0a,conjugate.download,available,5.25,6.25,high,low,9,namesilo,,,12/08/2026 22:11
9484a9c6-b6f1-47d1-a130-9cbf95c446be,glibly.download,available,5.98,9.98,medium,low,6,namecheap,,,14/09/2026 21:34
3346c111-a807-42d8-995a-0118fe38f821,afc.download,premium,640,77.35,high,low,3,namesilo,,,28/09/2026 16:17
65ed5c0a-e61c-4fe7-b6dc-85d694c56c52,deletion.download,available,5.98,9.98,high,low,8,namecheap,,,24/09/2026 21:34
b0455a89-642b-40c4-87de-c842bf4fddb3,vaccinated.download,available,5.25,6.25,high,low,10,namesilo,,,21/08/2026 21:34
5789c9ae-d0ca-4ebe-aa7f-9f94268f5c84,fidgety.download,available,5.25,6.25,medium,low,7,namesilo,,,05/08/2026 20:32
ceb63076-25cc-4100-a875-809c2dc53b46,tissues.download,available,4.32,5.35,medium,low,7,spaceship,,,29/09/2026 10:39
83c387e2-0a15-4e77-8876-1dc5212d9e68,marshy.download,available,5.25,6.25,medium,low,6,namesilo,,,10/08/2026 17:03
d7c758d8-c6cb-4409-ae40-9e47e73a1324,dampen.download,available,34.99,37.99,medium,low,6,name.com,,,13/08/2026 16:53
2ceb9f03-05b1-42a3-b62c-e62176e240ec,clyde.download,premium,455,65,high,low,5,namecheap,,,25/09/2026 04:17
966baf61-7b9e-4cfd-8e37-bffe876213ba,cameraman.download,premium,448,53.92,high,low,9,namesilo,,,29/09/2026 06:02
2f5dfffc-e6bd-48fe-9a6f-046a470ea15b,exceptionally.download,available,5.25,6.25,medium,low,13,namesilo,,,29/09/2026 03:12
db07f835-96a5-43e8-890b-20905840b688,taal.download,premium,437.5,62.5,high,low,4,name.com,,,
d4357b3a-948d-47ec-9503-6d2665606677,aia.download,premium,650,84.5,high,low,3,namecheap,,,28/09/2026 21:25
39e85820-ecb7-440f-bc65-081442627dae,demonstrates.download,available,5.98,9.98,medium,low,12,namecheap,,,20/09/2026 23:55
87bad687-1655-47f7-a299-75bdc35dabc3,rancorous.download,available,5.25,6.25,high,medium,9,namesilo,,,09/09/2026 10:13
81ebe3c2-b8b8-47c4-ba3c-d223c918158d,acyl.download,available,5.25,6.25,medium,low,4,namesilo,,,17/09/2026 05:49
62742922-9bd4-44f8-89cd-d0d341b482e1,damaging.download,available,34.99,37.99,medium,low,8,name.com,,,13/08/2026 16:05
f4485030-9f79-4b8c-91fe-444a0857c898,hopper.download,premium,,,high,low,6,,,,28/09/2026 09:55
84040e77-1ce2-47ff-a6b3-f953022d587c,baloney.download,available,5.25,6.25,medium,low,7,namesilo,,,21/09/2026 23:43
a0b0c3e8-7b4c-45eb-b44f-7a8b4b3729f4,lil.download,premium,640,77.35,high,low,3,namesilo,,,27/09/2026 06:06
329c5f56-2d57-4ad1-ba54-1a4635630892,grindle.download,available,5.98,9.98,medium,low,7,namecheap,,,18/09/2026 21:21
cdcc150b-f5e8-4f83-8549-8125f8ee77d6,heidelberg.download,premium,455,65,high,low,10,namecheap,,,25/09/2026 16:09
743fd426-7ea3-4135-ae50-dd517cf6b35a,steinberg.download,premium,448,53.92,medium,low,9,namesilo,,,28/09/2026 10:52
2b9b7b2a-302b-4b30-a9fe-31771983967f,bellarmine.download,available,5.25,6.25,medium,low,10,namesilo,,,23/09/2026 05:54
53b230e0-1f66-478a-97a1-027d7e35bc71,adele.download,premium,385,55,high,low,5,dynadot,,,28/09/2026 03:38
42005a1a-c45c-4e45-bd60-ba764cb250cd,dubious.download,premium,437.5,62.5,high,low,7,name.com,,,14/08/2026 16:57
dde5e0ee-9941-4660-97e8-0f7d8be6696e,added.download,available,5.25,6.25,medium,low,5,namesilo,,,27/09/2026 21:50
4d52405a-cdb7-436f-bdd0-5c1bd673d465,exportable.download,available,5.25,6.25,high,low,10,namesilo,,,17/08/2026 18:35
9eaace18-1cfa-4feb-8206-cf20b71ab80c,sgt.download,premium,640,77.35,high,low,3,namesilo,,,27/09/2026 06:19
5e17bd3b-5e10-4506-b07a-9c7789ad356a,oks.download,premium,650,84.5,high,low,3,namecheap,,,21/09/2026 06:13
529a4b60-6cdb-4a43-9ed2-4646ab4a1e1e,output.download,premium,517.7,67.48,high,low,6,spaceship,,,29/09/2026 06:46
0848d950-909f-4499-af63-22df23843f45,satiric.download,available,5.25,6.25,high,low,7,namesilo,,,09/09/2026 21:51
f726af7d-54a6-48ab-915d-3d49d0656c80,rotc.download,available,5.25,6.25,medium,low,4,namesilo,,,29/09/2026 02:02
cd3f9aba-837a-4682-ad2f-a189274bfc2a,monotone.download,premium,437.5,62.5,high,low,8,name.com,,,25/08/2026 05:25
f5b35bc8-4713-437e-bf9b-25c66539b18a,sewn.download,available,5.25,6.25,high,low,4,namesilo,,,10/09/2026 05:07
7d94b921-684f-4777-b6e8-4155db81d8f6,boot.download,premium,455,65,high,low,4,namecheap,,,29/09/2026 03:39
d72a9b5a-aa13-41c3-885b-45f170e187ae,knife.download,premium,116,29.5,high,low,5,namesilo,,,25/09/2026 23:24
089acac1-93c3-427a-b531-3669b70a0cc2,businesslike.download,available,4.48,5.55,medium,low,12,dynadot,,,29/09/2026 02:32
ed3c8879-67be-4673-80d0-38e435f85a79,asshole.download,premium,437.5,62.5,medium,low,7,name.com,,,08/08/2026 23:24
283bb47d-b503-42f6-aedc-030ae636f48d,switched.download,premium,448,53.92,medium,low,8,namesilo,,,27/09/2026 09:43
b68bbb87-dfeb-498e-9a4d-b090366ebf9b,taxa.download,available,5.25,6.25,medium,low,4,namesilo,,,25/09/2026 17:29
40b04077-2e61-4fb3-8243-81bc67d18eb8,severely.download,available,5.25,6.25,medium,low,8,namesilo,,,28/09/2026 13:15
2ffe75f6-5a97-4e51-9117-f106ac94b08f,ideologic.download,available,5.98,9.98,medium,low,9,namecheap,,,21/08/2026 18:04
4249c9d4-7760-4384-8d71-575bc1af926e,knower.download,available,5.25,6.25,medium,low,6,namesilo,,,19/09/2026 22:14
b9aa82e3-1e4b-4422-9206-ea74638d1f24,replying.download,available,5.25,6.25,medium,low,8,namesilo,,,18/09/2026 12:55
faf0b6f7-48af-4f3a-ba4d-30894ebee948,genes.download,premium,362.45,51.95,medium,low,5,spaceship,,,28/09/2026 07:05
1b5c414c-73b6-4d90-b99e-6d4b3757a416,wholemeal.download,available,5.25,6.25,medium,low,9,namesilo,,,13/09/2026 11:17
269eb8cc-0d0a-4967-83f4-05efeb4ce4dd,rheumatism.download,available,5.25,6.25,medium,low,10,namesilo,,,21/09/2026 00:56
defb709c-1ca0-4c44-bb4a-3a31bbf3c74b,motorbus.download,available,5.25,6.25,medium,low,8,namesilo,,,21/09/2026 05:59
f3a5994d-8656-4742-be53-d96e99724b99,alderfly.download,available,5.98,9.98,medium,low,8,namecheap,,,18/09/2026 04:32
bb4c6ffb-d9fe-429e-a9de-21c246848ee1,feel.download,premium,103.7,26.08,high,low,4,spaceship,,,29/09/2026 19:07
c62fe8e6-9f8b-440d-b5d8-4a74d96b0eab,royalty.download,premium,103.7,26.08,high,low,7,spaceship,,,28/09/2026 06:43
f1077d16-32ef-4f49-92f8-c05369700e2a,evacuation.download,premium,448,53.92,high,low,10,namesilo,,,28/09/2026 09:36
61bffaa2-a193-46b9-9ad8-ed83b89440a5,passable.download,available,5.25,6.25,medium,low,8,namesilo,,,24/09/2026 16:16
731df114-2e0d-492c-ba8c-774cf9562051,hayseed.download,available,5.25,6.25,medium,low,7,namesilo,,,21/08/2026 08:05
06f5dadf-638d-4aaa-9772-8a21063bb806,ritual.download,premium,455,65,high,low,6,namecheap,,,09/09/2026 18:01
3762e249-099c-464f-ace8-a7fbeb09bcdf,mendicant.download,available,5.98,9.98,medium,low,9,namecheap,,,24/08/2026 20:08
bc42c794-ae7f-443d-9ad8-aa93b1feebcd,disturb.download,available,5.25,6.25,high,low,7,namesilo,,,
291bb9c1-00b9-4e01-9141-7e5e28d590a6,referring.download,available,5.25,6.25,high,low,9,namesilo,,,28/09/2026 03:35
bc004893-a0a7-4afc-a431-ec2c7864962f,cookie.download,premium,455,65,high,low,6,namecheap,,,29/09/2026 11:31
57dce6ba-eaff-42dc-a0db-075b0ea58ccb,unblushing.download,available,5.25,6.25,medium,low,10,namesilo,,,10/09/2026 05:55
bcea7429-d20e-488a-8b99-1534e271bb09,agitprop.download,available,5.98,9.98,medium,low,8,namecheap,,,17/09/2026 18:14
d285b94d-7998-4c0d-95e7-29c43f2c3bbc,eared.download,available,5.25,6.25,medium,low,5,namesilo,,,14/08/2026 14:39
6faee26c-37b7-49f7-9534-e70d5923cef0,sunrise.download,premium,437.5,,high,low,7,name.com,,,28/09/2026 01:57
b0d4a991-ce63-4f1d-83db-98f263e723a4,swinburne.download,available,5.25,6.25,medium,low,9,namesilo,,,18/09/2026 07:03
4c88f891-e3ea-4341-a470-aded74420dd2,benghazi.download,available,5.25,6.25,medium,low,8,namesilo,,,23/09/2026 08:04
e09c3302-3650-4db6-8020-0d7b5e102da3,blonde.download,premium,130,32.5,high,low,6,namecheap,,,22/09/2026 22:17
585482d5-e792-4d12-b7e7-cd005ed02ae2,resinous.download,available,5.25,6.25,medium,low,8,namesilo,,,09/09/2026 15:13
0208d7a0-5e51-4bbf-8b45-141427f63d9d,fbs.download,premium,640,77.35,high,low,3,namesilo,,,29/09/2026 22:15
356a3366-f548-4f01-a0d9-b46756dbcbf5,sacrifice.download,premium,448,53.92,high,low,9,namesilo,,,25/09/2026 10:25
17f62a06-a682-4276-9d05-d40d91c1404f,venetian.download,premium,448,53.92,high,low,8,namesilo,,,13/09/2026 02:02
9a32ada2-76d5-4717-a9d3-9753d1ef6041,centuries.download,available,5.25,6.25,medium,low,9,namesilo,,,17/09/2026 04:43
7f707223-cab1-4170-b033-c302fa9615d4,otago.download,premium,362.45,51.95,high,low,5,spaceship,,,29/09/2026 22:17
65516729-bd4b-46ec-bb6a-f517840110ce,seriously.download,premium,455,65,medium,low,9,namecheap,,,28/09/2026 13:17
fe87c3fa-6189-4b98-abb1-ae7532fc494e,fluvial.download,available,5.25,6.25,medium,low,7,namesilo,,,18/08/2026 09:35
86986661-d8c9-4bcd-9827-d20b18127895,christians.download,available,5.98,9.98,high,low,10,namecheap,,,16/09/2026 12:24
0aa9f607-8c70-4053-969d-9c76e421fef6,adorer.download,available,5.25,6.25,high,low,6,namesilo,,,17/09/2026 09:45
89f64c31-0d31-4838-9144-f68a351d7c9f,save.download,premium,6900,116,high,low,4,namesilo,,,28/09/2026 00:11
6bfc4361-3376-4b95-a99c-c3038327d637,carte.download,premium,448,53.92,high,low,5,namesilo,,,23/09/2026 16:04
54f28505-8ae1-4b9f-b37b-a1bbeb27c7f2,silvervine.download,available,5.25,6.25,medium,low,10,namesilo,,,17/09/2026 04:49
9b7efcc9-bcd1-48dd-80f1-c6e4e42eca3f,wed.download,premium,640,77.35,high,low,3,namesilo,,,13/09/2026 09:28
33f3df32-9dfc-49ad-ae90-13a79337b3b6,ngo.download,premium,640,77.35,high,low,3,namesilo,,,27/09/2026 04:51
3ab85015-1fe2-4a43-97af-9dfcfe625783,smallest.download,available,5.25,6.25,medium,low,8,namesilo,,,28/09/2026 17:15
81b86a1a-246e-4320-989b-f1b7a19c6a9d,phantasy.download,premium,437.5,62.5,high,low,8,name.com,,,17/08/2026 21:58
2676723f-82bd-4e7b-bea6-15ac6255149a,breakaway.download,premium,437.5,62.5,high,low,9,name.com,,,11/08/2026 03:01
85010167-e11a-4f3c-9991-00a41011ce84,whoreson.download,available,5.25,6.25,low,low,8,namesilo,,,08/08/2026 23:43
c4cdd3f9-8285-4742-9c38-bafb6d14c15f,journeyman.download,premium,455,65,high,low,10,namecheap,,,28/09/2026 22:18
2da0513d-25b9-4467-8a28-7b0e7fd855fd,dada.download,premium,640,77.35,high,high,4,namesilo,,,08/09/2026 23:40
30fd609c-5f3b-427d-8a88-7f4bbfe73553,unpackaged.download,available,5.25,6.25,medium,low,10,namesilo,,,12/09/2026 16:23
16442ec9-7338-4de4-aae6-d4e290027a63,woodenly.download,available,5.25,6.25,low,low,8,namesilo,,,14/09/2026 21:56
9bc35818-4aaa-43af-ad47-835f73bdbe5f,sickly.download,available,5.98,9.98,high,low,6,namecheap,,,
d3a0ab87-4d33-4431-82c8-098f0d81d4fa,perceptual.download,available,5.25,6.25,high,low,10,namesilo,,,08/09/2026 16:15
3e18ff6e-c0a2-4aec-bd96-b0a2897f928c,woollen.download,available,5.25,6.25,high,low,7,namesilo,,,13/09/2026 13:15
6875e5fc-e474-460f-8f32-65fd7b8cb53e,resistive.download,available,5.25,6.25,high,low,9,namesilo,,,09/09/2026 15:23
da02a956-38ec-4677-981b-419899d97dac,too.download,premium,640,77.35,high,low,3,namesilo,,,28/09/2026 12:00
3d82b765-0371-46eb-b733-c86a20143dbd,sweetness.download,premium,362.45,51.95,high,low,9,spaceship,,,29/09/2026 00:59
024566b3-8162-4dc7-b14c-67bdef943bd2,pray.download,premium,12500,,high,low,4,name.com,,,
3d584867-df52-4d2c-ab85-57dc999ce702,oasis.download,premium,517.7,67.48,high,medium,5,spaceship,,,29/09/2026 07:10
feb5d7ae-c4ab-46d2-9a8d-54272802f04a,phrases.download,available,5.25,6.25,medium,low,7,namesilo,,,
70e3b3d8-63af-4b93-9c0a-99eddf6a20f5,dipper.download,premium,448,53.92,high,low,6,namesilo,,,23/09/2026 14:29
b2923441-6d3f-4c7e-9769-74623444f44c,harvard.download,premium,455,65,high,medium,7,namecheap,,,19/09/2026 06:08
236256fc-a1c1-46e8-b851-27be1f6da7f4,hurley.download,premium,362.45,51.95,high,medium,6,spaceship,,,28/09/2026 16:08
fc5f8b3b-4463-413b-a6b1-f920454b6cdd,paltry.download,available,5.98,9.98,medium,low,6,namecheap,,,24/08/2026 18:25
4b1f1bca-4f35-43b5-ae9a-6eb749119125,risks.download,premium,448,53.92,medium,low,5,namesilo,,,20/09/2026 06:40
f78ad1f6-4f76-4f6c-b955-6aa038332e41,hiram.download,available,5.25,6.25,high,low,5,namesilo,,,27/09/2026 19:47
ba21d60f-0ec7-4049-afb9-0d767fca7992,inability.download,available,5.25,6.25,medium,low,9,namesilo,,,29/09/2026 07:19
169b6581-35e8-430b-bc34-5c9f646b4c91,inorganic.download,available,5.25,6.25,high,low,9,namesilo,,,22/08/2026 06:11
b68d9a91-3844-4041-9ebe-385fddd31dd7,daughterly.download,available,34.99,37.99,medium,low,10,name.com,,,13/08/2026 18:46
6b6d6710-ea71-4b30-9342-1bea624cbae7,lewdly.download,available,5.25,6.25,low,low,6,namesilo,,,15/09/2026 11:12
ec1db190-8471-4c8c-b432-0051e70a83d1,caption.download,premium,448,53.92,high,low,7,namesilo,,,24/09/2026 12:41
0210cea4-ad38-4a55-8744-0589f71ae99a,vincenzo.download,premium,362.45,51.95,medium,low,8,spaceship,,,29/09/2026 04:08
d4279926-e3fc-4f9b-9c55-c1c366956559,insomniac.download,premium,437.5,62.5,high,low,9,name.com,,,22/08/2026 07:22
e132a156-0811-4b4c-9af7-65a97f33acc3,fled.download,premium,,,low,low,4,,,,28/09/2026 12:32
dd323f97-41ca-431f-aa0d-f4eadc277023,bowls.download,available,5.25,6.25,high,low,5,namesilo,,,29/09/2026 03:46
3ccd5b3e-f8b3-4f36-94ef-369cba85b8ad,earmark.download,premium,437.5,62.5,medium,low,7,name.com,,,06/08/2026 09:08
7a8947bf-c5ac-4e73-8a8d-17c054834118,hogarth.download,premium,385,55,high,low,7,dynadot,,,29/09/2026 13:03
dc503058-3df2-4d14-ae9d-fac811e46201,vinyl.download,premium,,,high,low,5,,,,29/09/2026 20:35
32e4b755-e5b7-4d70-a184-046ef7cb9890,pots.download,premium,448,53.92,high,low,4,namesilo,,,28/09/2026 16:57
e65b6342-f06c-46ac-beec-7114eb916409,wastewater.download,available,5.25,6.25,medium,low,10,namesilo,,,15/08/2026 15:34
48c52aa6-3750-48bc-8e48-76a5b7fc85ca,sculptured.download,premium,437.5,62.5,high,low,10,name.com,,,20/08/2026 18:52
2bae3f4c-250e-475e-bd40-a156e67d2336,shelby.download,premium,455,65,high,low,6,namecheap,,,25/09/2026 15:30
a548bc08-b7e4-4e1e-883f-69e78ca88f25,motorist.download,available,5.25,6.25,high,low,8,namesilo,,,21/09/2026 07:26
7f2a5f3e-db72-4e2c-aa02-39a38d0fc94a,weary.download,available,5.25,6.25,high,low,5,namesilo,,,22/09/2026 15:10
6d4b3541-43f1-4e29-bb76-b89a29b0d341,baize.download,premium,455,65,medium,low,5,namecheap,,,21/09/2026 19:59
c9109a70-d937-46e7-8951-3ca20a28e878,gainly.download,available,5.25,6.25,medium,low,6,namesilo,,,18/08/2026 19:33
8c85e589-95bb-4463-ae62-7c7fb3adf6d4,birds.download,premium,1107,116,high,low,5,namesilo,,,
6f4520a2-079b-4cda-b8d4-ede54dc60974,watched.download,available,5.25,6.25,high,low,7,namesilo,,,18/09/2026 01:33
1c47a6b1-ba25-41f2-88bd-41250d722ce9,henbane.download,available,5.25,6.25,medium,low,7,namesilo,,,24/09/2026 00:54
849f45e0-352a-4afc-94c3-7723a072429c,juan.download,premium,362.45,51.95,high,low,4,spaceship,,,27/09/2026 18:50
a1de94ca-4c71-4a29-94c6-78eafd13b377,roi.download,premium,625,,high,low,3,name.com,,,
401ae653-7d91-46ff-9483-645b0aad7fb6,pillock.download,available,5.25,6.25,low,low,7,namesilo,,,10/09/2026 23:13
5d6c0d91-ae3f-431d-ab5f-4aba1eb40972,eristic.download,available,5.25,6.25,medium,low,7,namesilo,,,17/08/2026 12:17
c7c82d25-f43d-4717-9bfb-5116813c94d7,subway.download,premium,448,53.92,high,low,6,namesilo,,,25/09/2026 23:41
57942865-0b04-4e07-83f6-6b6689b15858,erroneous.download,available,5.25,6.25,medium,low,9,namesilo,,,17/08/2026 12:56
ffdfdf9c-cf2e-404a-82db-4837abea6a32,rocket.download,premium,109.69,27.82,high,medium,6,porkbun,,,28/09/2026 22:25
99388eea-176a-4805-afbe-5d528eda7e71,utterable.download,available,5.25,6.25,high,medium,9,namesilo,,,10/09/2026 15:23
732ac89e-aeaf-4989-81b5-fbbb8a5c3a0c,whirring.download,available,5.25,6.25,medium,low,8,namesilo,,,13/09/2026 11:28
0ad410a5-dd3f-4efa-9006-01951ac190eb,waves.download,premium,448,53.92,high,low,5,namesilo,,,25/09/2026 16:36
8ccf47be-d53b-4318-ac5a-52df842fecc6,memorise.download,premium,437.5,,high,low,8,name.com,,,
400732c6-1c5f-420c-abb9-672d0326e223,transporting.download,available,5.25,6.25,high,low,12,namesilo,,,29/09/2026 14:43
8360b135-823d-4ca1-9b20-07f8c6c7e6b4,sulphuric.download,available,5.25,6.25,medium,low,9,namesilo,,,11/09/2026 01:27
daf033d8-89a0-47ed-949d-433d36bce99f,calculus.download,available,4.32,5.35,high,low,8,spaceship,,,30/09/2026 00:56
fe618b6e-c90e-476b-942c-41b7319b3a67,pompon.download,premium,448,53.92,medium,low,6,namesilo,,,19/09/2026 09:36
a44ef214-518b-4097-9f1d-9c5c54953866,decorated.download,available,5.98,9.98,high,low,9,namecheap,,,21/09/2026 19:45
8ac76b8b-9604-433c-8b92-d551e7f16e4e,budget.download,premium,362.45,51.95,high,low,6,spaceship,,,29/09/2026 05:05
f6fbb1ca-e36e-4933-9708-3c9d3373baf6,sloe.download,available,5.25,6.25,medium,low,4,namesilo,,,18/09/2026 10:21
6a8d2fce-6a22-44a4-95de-5cfee5887471,ranks.download,available,4.32,5.35,medium,low,5,spaceship,,,28/09/2026 17:38
c1700d3d-5676-4d15-8439-ec722bd0cb47,akhbari.download,available,5.98,9.98,high,low,7,namecheap,,,17/09/2026 23:56
9b249b47-3cef-4ba5-8ee8-df5c5b476b29,antifreeze.download,available,5.25,6.25,high,low,10,namesilo,,,19/09/2026 14:23
7c592aca-16ba-4c7b-b354-47f69a6fa71a,undesirable.download,available,5.25,6.25,high,low,11,namesilo,,,
2d476b5d-07f6-45a6-b62b-f757a039b7cb,rendering.download,available,4.32,5.35,high,low,9,spaceship,,,29/09/2026 19:21
fcebb314-8f1d-4ac9-bda9-b03aab861b96,unhappy.download,available,5.25,6.25,high,low,7,namesilo,,,24/09/2026 12:43
cb899836-99ab-48dc-ba71-b9ee10f1c591,federalism.download,available,4.32,5.35,high,low,10,spaceship,,,29/09/2026 12:14
247ba9dd-1846-4366-8fac-5b46da5ea8cf,blazer.download,premium,448,53.92,high,low,6,namesilo,,,24/09/2026 05:03
a14950d9-f34b-4389-b12b-942a2c96d27c,ingrown.download,available,5.25,6.25,medium,low,7,namesilo,,,22/08/2026 04:56
c31c4ab6-d40d-4270-b1ff-6af851800acb,sucked.download,available,5.25,6.25,medium,low,6,namesilo,,,18/09/2026 04:29
30473f97-385d-44f9-9f09-2f3ecff4765a,guzman.download,premium,362.45,51.95,high,low,6,spaceship,,,29/09/2026 22:34
8b79638f-5355-4ef8-8050-df468685ec50,cho.download,premium,,,medium,low,3,,,,29/09/2026 05:56
f382a47d-821a-4136-a764-3855ae314edf,nagging.download,available,5.25,6.25,medium,low,7,namesilo,,,03/09/2026 12:41
d42e427d-c3d5-4787-87e3-8ed8f5237dc2,stacy.download,available,4.48,5.55,high,low,5,dynadot,,,28/09/2026 07:44
e98ff032-17dd-4e41-b549-dee50dd3dab9,mantle.download,premium,455,65,medium,low,6,namecheap,,,28/09/2026 18:42
2a7fc99e-7c6b-4591-a1a9-aa9de5c4086e,policeman.download,available,5.25,6.25,high,low,9,namesilo,,,27/09/2026 05:03
5ba707b2-e085-4a9b-80ce-e66b2b4536df,midway.download,premium,437.5,62.5,high,low,6,name.com,,,11/08/2026 23:58
2a1f0660-41f6-4748-b264-288cb32b7686,arthur.download,premium,448,53.92,high,low,6,namesilo,,,20/09/2026 10:45
188b01c8-ac52-49b0-822c-2e7a1b020dc3,glinting.download,available,5.25,6.25,high,low,8,namesilo,,,
20c4bfe5-c31c-404a-a8dc-cd8142b4749e,inglorious.download,available,5.98,9.98,medium,low,10,namecheap,,,21/08/2026 18:25
d69f7183-dc75-438e-ba09-b83eaba9aaba,macleod.download,available,5.25,6.25,high,low,7,namesilo,,,28/09/2026 02:12
a6a8fd31-dfc4-417b-a7d1-7ff5ea339d58,nearer.download,available,5.25,6.25,medium,low,6,namesilo,,,28/09/2026 14:02
2b560582-3dbc-4ba1-8966-c522cd5df23f,azygos.download,available,5.25,6.25,medium,low,6,namesilo,,,08/08/2026 03:32
74c0ab0a-030c-416d-8973-f3f50d72f8c3,allamanda.download,available,5.25,6.25,medium,low,9,namesilo,,,18/09/2026 09:50
76256c4c-c2fa-4b04-9ff1-51a55772f5b6,alger.download,premium,448,53.92,high,low,5,namesilo,,,18/09/2026 06:56
9fd6bf9c-a10b-4cfe-ab90-29e2235f6cab,albee.download,premium,448,53.92,medium,low,5,namesilo,,,18/09/2026 02:31
ab39572d-a7ca-4e7f-bef9-89cc48a4494e,nonionic.download,available,5.98,9.98,medium,low,8,namecheap,,,03/09/2026 19:33
bc4defab-706d-43a1-b2f2-6928a15d4f7a,perplexed.download,available,5.98,9.98,medium,low,9,namecheap,,,08/09/2026 17:56
683546af-9e2d-4f9f-a34d-bee49767a940,screenshots.download,available,5.25,6.25,medium,low,11,namesilo,,,20/09/2026 11:10
b47f8512-d02b-47e0-8133-5f1d32dfd250,presenting.download,available,4.61,5.64,medium,low,10,porkbun,,,28/09/2026 17:29
3869b472-0a4b-49c3-8d9a-7c079a1f81e0,assess.download,premium,437.5,,high,low,6,name.com,,,
04c67c72-7775-4fe5-9b08-02bdad8a2fe3,bikini.download,premium,3250,130,high,low,6,namecheap,,,23/09/2026 15:38
d00d69b1-e252-4ca1-bd78-c71796084df8,shinto.download,premium,448,53.92,high,medium,6,namesilo,,,10/09/2026 06:32
665073ed-d22c-4b55-a6de-708ac3742e71,increases.download,available,5.25,6.25,medium,low,9,namesilo,,,29/09/2026 10:46
781f679b-e010-42d5-9f6a-7c7fd55a3466,wilbur.download,premium,448,53.92,high,low,6,namesilo,,,27/09/2026 07:43
43554914-bc72-450c-a4f3-883b210cf39b,goldberg.download,premium,448,53.92,high,low,8,namesilo,,,25/09/2026 06:35
d8ce686b-b89e-44cf-b179-e6794aafc205,prim.download,premium,437.5,62.5,high,low,4,name.com,,,13/08/2026 15:46
dc418119-6031-4004-80d1-a2ebed2f4374,erratic.download,premium,437.5,62.5,high,low,7,name.com,,,17/08/2026 12:46
52e82cff-1f48-4000-8a21-2bafdd3f7d02,din.download,premium,625,81.25,high,low,3,name.com,,,10/08/2026 13:17
9bda39fb-e431-4062-b96b-eae4cd1dad84,unveil.download,premium,437.5,,high,low,6,name.com,,,
b3c3cb30-0609-4084-8fd7-f9de1d0fb381,twinkling.download,available,5.25,6.25,high,low,9,namesilo,,,22/08/2026 07:34
63f75b37-112f-40b7-93a9-6712d6d99fc3,gerard.download,premium,448,53.92,medium,low,6,namesilo,,,25/09/2026 13:17
58b1a0f2-8715-448a-a45a-a799cc9ff0da,hunchback.download,available,5.25,6.25,medium,low,9,namesilo,,,13/08/2026 07:49
8ee67fb0-6373-4f3f-8278-908eb554c696,hear.download,premium,437.5,,high,low,4,name.com,,,
7f83066b-de1d-45bb-9f38-cba4a2d92df6,fallible.download,available,5.98,9.98,medium,low,8,namecheap,,,17/08/2026 21:30
0901e3b0-2554-4ad1-b134-b14202f6e520,jobs.download,premium,640,77.35,high,medium,4,namesilo,,,17/09/2026 22:00
b463cd5d-149c-473f-a118-f65b5c1124cb,odor.download,available,5.25,6.25,high,low,4,namesilo,,,20/09/2026 08:25
53caef6a-4eca-4a75-9f64-0a5170ef8798,barney.download,premium,,,high,low,6,,,,29/09/2026 21:21
5d02b61f-2655-4878-89ec-08fd74d72782,meantime.download,premium,448,53.92,high,low,8,namesilo,,,25/09/2026 10:12
ca0af851-318b-4245-9db4-3058893c5102,babbling.download,available,5.25,6.25,high,low,8,namesilo,,,21/09/2026 12:23
7caa97b5-16a1-4771-ade9-15feb994380d,souse.download,available,5.25,6.25,medium,low,5,namesilo,,,
a6c0c906-52f1-4e59-b097-60749854697c,tactically.download,available,5.98,9.98,medium,low,10,namecheap,,,16/09/2026 07:46
77a1d77d-4590-43a8-8c6a-3fc19cb2d690,saucepan.download,available,5.25,6.25,high,low,8,namesilo,,,
703e7794-1b7e-4180-b8f3-753aa87f83ae,baseplate.download,available,5.25,6.25,medium,low,10,namesilo,,,
4b1986d6-89dc-413d-8d8b-8c8e8f43f0c1,layers.download,premium,448,53.92,medium,low,6,namesilo,,,29/09/2026 04:54
1916e06a-1202-43f1-84f2-14b7b5cc289e,pillowcase.download,available,9.98,,high,low,11,namecheap,,,
20cb0fcb-80c6-4b46-94bd-965da6c68bca,gift.download,premium,6900,116,high,low,4,namesilo,,,24/09/2026 22:20
0d35ed56-0a9c-4698-9019-45308c258f77,phillips.download,premium,455,65,high,low,8,namecheap,,,25/09/2026 18:30
183e12bc-3994-4185-829e-a2d8ca31eff4,axonal.download,available,5.25,6.25,medium,low,6,namesilo,,,08/08/2026 02:01
1e6860ba-4033-451c-bef8-78b2efadc564,blush.download,premium,437.5,62.5,high,low,5,name.com,,,13/08/2026 06:32
5ec69ec3-54ab-4986-8377-38e45fd70000,bitterroot.download,available,5.25,6.25,medium,low,10,namesilo,,,23/09/2026 23:08
1e23512d-73be-439e-bb43-6efcc719ee3c,heady.download,premium,437.5,62.5,medium,low,5,name.com,,,18/08/2026 10:29
09217b9f-6949-4c5a-8a06-8bd30ba44419,francois.download,available,5.25,6.25,high,low,8,namesilo,,,27/09/2026 07:39
f8fa6249-47d0-4c0b-8700-eaa5e5b94b8e,incapable.download,available,5.25,6.25,medium,low,9,namesilo,,,22/08/2026 00:49
5a34bc59-5d06-43d6-b9b2-cb28505f03e2,evelyn.download,premium,448,53.92,high,low,6,namesilo,,,25/09/2026 14:39
9fa3f005-1173-4449-8b24-df421936b63d,cora.download,premium,,,high,low,4,,,,28/09/2026 18:45
d8f1e4be-0bc1-415b-8952-08c7a6a55651,marched.download,available,5.25,6.25,medium,low,7,namesilo,,,29/09/2026 10:58
e824f359-62ea-4f44-91e3-51a08d96ba45,strings.download,premium,448,53.92,high,low,7,namesilo,,,27/09/2026 05:33
71f5cceb-96cb-4e6b-9442-4c7d22b8dbb3,amphibian.download,premium,437.5,62.5,high,low,9,name.com,,,
187d782d-c2d1-4114-a635-16168263ef3c,luanda.download,available,5.25,6.25,medium,low,6,namesilo,,,19/09/2026 06:58
3d9e49d0-683f-47f5-8126-72ba3b053d00,recalled.download,available,5.25,6.25,medium,low,8,namesilo,,,18/09/2026 02:40
da9af7d6-7c16-47db-84fd-2860feab6f5b,daytime.download,premium,437.5,,high,low,7,name.com,,,29/09/2026 13:18
076be0b8-989b-4b56-8f42-231ef1acc1ff,apathy.download,premium,448,53.92,medium,low,6,namesilo,,,19/09/2026 16:17
2858b65f-b1ce-4e6b-a632-a689060b6c3a,leadership.download,premium,116,29.5,high,low,10,namesilo,,,
23124e43-1cdd-4a74-bf22-c956eb325742,ugh.download,premium,625,,medium,low,3,name.com,,,
8fc539a2-5caa-4a80-bdb9-9984d97121e6,ramsey.download,premium,448,53.92,high,low,6,namesilo,,,25/09/2026 15:22
3dc60c64-ea1a-4b8e-bd89-3adbe3a689b1,acropetal.download,available,5.25,6.25,medium,low,9,namesilo,,,
b6f95fd6-b88b-411b-9aba-9e9c71102554,seizure.download,available,5.25,6.25,medium,low,7,namesilo,,,29/09/2026 00:20
985e1d06-2a45-4263-b190-c3faa7db0dcd,stronger.download,premium,12500,,high,low,8,name.com,,,
396d0ea4-fd3c-40cd-a5a7-d797da36396b,leave.download,available,4.18,5.18,high,low,5,cloudflare,,,29/09/2026 18:36
6e13ce31-44a7-4405-b4c6-e58326da222e,ford.download,premium,437.5,,high,high,4,name.com,,,29/09/2026 17:45
5297d472-5f09-4412-acd7-05ce9515bf67,ascendable.download,available,5.25,6.25,medium,low,10,namesilo,,,07/08/2026 00:35
5a08d54a-c2da-4623-84e5-7d56f44e45e9,nitric.download,available,5.25,6.25,medium,low,6,namesilo,,,08/08/2026 02:58
3c542958-578e-4ce0-bed2-d01913bc0396,task.download,premium,517.7,67.48,high,low,4,spaceship,,,28/09/2026 06:18
9125c513-c507-46cb-b270-6007de229370,pareve.download,available,5.25,6.25,medium,low,6,namesilo,,,08/09/2026 01:25
96eb8768-2b88-4e40-92ae-ba17164575c9,capacitive.download,available,5.98,9.98,medium,low,10,namecheap,,,11/08/2026 17:49
ce9f8fb2-73d7-4664-b629-a1926185efad,itv.download,premium,3450,116,high,medium,3,namesilo,,,29/09/2026 03:49
e4d435ed-4550-40bd-aaca-9b7826569700,ludwig.download,premium,362.45,51.95,high,low,6,spaceship,,,29/09/2026 05:16
aa531ae2-1e25-4c09-9b8e-00fe568c5180,found.download,premium,448,53.92,high,medium,5,namesilo,,,22/09/2026 17:43
d9c05935-35d3-427a-a904-04d0e082d68a,prostate.download,available,5.25,6.25,high,low,8,namesilo,,,09/09/2026 03:47
6830dc21-4534-4256-8ad6-34ca983d7716,satire.download,premium,455,65,high,low,6,namecheap,,,24/09/2026 13:17
6e5dced9-f062-456c-ba0c-7a36f84d766c,obliged.download,available,5.25,6.25,medium,low,7,namesilo,,,28/09/2026 11:17
1ef3c11b-5130-4305-bda0-2d238a269a05,nonunion.download,available,5.98,9.98,medium,low,8,namecheap,,,03/09/2026 20:58
bfeae790-b529-4bd4-985a-0ee040aaeacd,laying.download,available,5.25,6.25,high,low,6,namesilo,,,25/09/2026 22:34
a49e472d-66e6-42db-8ef2-23628201edcd,aggression.download,available,5.25,6.25,medium,low,10,namesilo,,,17/09/2026 17:29
b53332e9-c784-46d4-a7a8-8786109f33f8,axilla.download,available,5.25,6.25,medium,low,6,namesilo,,,20/09/2026 07:40